experience_level,employment_type,job_category,employee_residence_group,remote_ratio,company_location_group,company_size,adjusted_salary
3,2,4,1,1,1,0,85847.0
2,0,1,2,1,2,2,30000.0
2,0,1,2,1,2,2,25500.0
3,2,2,0,1,0,1,175000.0
3,2,2,0,1,0,1,120000.0
3,2,2,2,0,2,0,222200.0
3,2,2,2,0,2,0,136000.0
3,2,2,0,0,0,1,219000.0
3,2,2,0,0,0,1,141000.0
3,2,2,2,0,2,1,147100.0
3,2,2,2,0,2,1,90700.0
3,2,0,2,1,2,1,130000.0
3,2,0,2,1,2,1,100000.0
0,2,2,2,0,2,0,213660.0
0,2,2,2,0,2,0,130760.0
3,2,5,2,0,2,1,147100.0
3,2,5,2,0,2,1,90700.0
3,2,2,2,0,2,1,170000.0
3,2,2,2,0,2,1,150000.0
2,2,0,2,1,2,1,150000.0
2,2,0,2,1,2,1,110000.0
3,2,1,0,0,0,1,275000.0
3,2,1,0,0,0,1,174000.0
3,2,1,0,1,0,1,230000.0
3,2,1,0,1,0,1,143200.0
3,2,1,2,0,2,1,225000.0
3,2,1,2,0,2,1,156400.0
3,2,1,2,0,2,1,200000.0
3,2,1,2,0,2,1,130000.0
3,2,5,0,0,0,1,90000.0
3,2,5,0,0,0,1,72000.0
3,2,1,2,0,2,1,253200.0
3,2,1,2,0,2,1,90700.0
3,2,1,2,0,2,1,184590.0
2,2,1,2,0,2,1,162500.0
2,2,1,2,0,2,1,130000.0
2,2,0,2,0,2,1,105380.0
2,2,0,2,0,2,1,64500.0
0,2,0,1,1,1,0,100000.0
0,2,0,1,1,1,0,30000.0
2,2,1,1,2,1,0,22201.072
0,2,2,2,0,2,0,204620.0
0,2,2,2,0,2,0,110680.0
3,2,1,2,0,2,1,270703.0
3,2,1,2,0,2,1,221484.0
3,2,2,2,1,2,1,212750.0
3,2,2,2,1,2,1,185000.0
3,2,2,2,1,2,1,262000.0
3,2,2,2,1,2,1,245000.0
3,2,2,2,1,2,1,275300.0
3,2,2,2,1,2,1,183500.0
3,2,2,2,1,2,1,218500.0
3,2,2,2,1,2,1,199098.0
3,2,1,2,1,2,1,203300.0
3,2,1,2,1,2,1,123600.0
3,2,1,2,0,2,1,189110.0
3,2,1,2,0,2,1,139000.0
1,2,2,2,0,2,1,258750.0
1,2,2,2,0,2,1,185000.0
3,2,1,2,1,2,1,231500.0
3,2,1,2,1,2,1,166000.0
3,2,2,2,1,2,1,172500.0
3,2,2,2,1,2,1,110500.0
3,2,1,2,0,2,1,238000.0
3,2,1,2,0,2,1,176000.0
3,2,1,2,1,2,1,237000.0
3,2,1,2,1,2,1,201450.0
3,2,2,2,0,2,0,309400.0
3,2,2,2,0,2,0,159100.0
3,2,1,2,0,2,1,115000.0
3,2,1,2,0,2,1,81500.0
3,2,2,2,1,2,1,237000.0
3,2,2,2,1,2,1,201450.0
3,2,1,2,0,2,1,280000.0
3,2,1,2,0,2,1,210000.0
3,2,1,2,1,2,1,280100.0
3,2,1,2,1,2,1,168100.0
3,2,1,2,1,2,1,193500.0
3,2,1,2,1,2,1,139000.0
2,2,2,1,0,1,0,65062.0
3,2,1,1,1,2,1,150000.0
2,2,1,1,1,0,2,69751.0
0,2,3,1,2,1,0,312420.00000000006
2,2,1,0,1,0,0,96578.0
3,2,1,2,0,2,1,185900.0
3,2,1,2,0,2,1,129300.0
3,2,1,2,1,2,1,225000.0
3,2,1,2,1,2,1,175000.0
3,2,1,2,0,2,1,185000.0
3,2,1,2,0,2,1,140000.0
3,2,2,1,0,1,1,48289.0
3,2,2,1,0,1,1,38631.0
3,2,2,2,0,2,1,105000.0
3,2,2,2,0,2,1,70000.0
0,2,1,2,0,2,1,163196.0
0,2,1,2,0,2,1,145885.0
3,2,1,2,1,2,1,217000.0
3,2,1,2,1,2,1,185000.0
3,2,0,2,0,2,0,202800.0
3,2,0,2,0,2,0,104300.0
3,2,0,2,0,2,1,145000.0
3,2,0,2,0,2,1,65000.0
3,2,1,2,0,2,1,165000.0
3,2,1,2,0,2,1,132300.0
3,2,1,2,0,2,1,179170.0
3,2,1,2,0,2,1,94300.0
3,2,1,2,0,2,1,152500.0
3,2,1,2,0,2,1,116450.0
3,2,1,2,0,2,1,247300.0
3,2,1,2,0,2,1,133800.0
3,2,1,2,0,2,1,203000.0
3,2,1,2,0,2,1,133000.0
0,2,2,2,2,2,0,220000.0
0,2,1,1,1,1,2,59815.088
3,2,2,2,0,2,1,120000.0
3,2,1,2,0,2,1,289800.0
3,2,1,2,0,2,1,214000.0
3,2,1,2,0,2,1,179820.0
3,2,1,2,0,2,1,143860.0
3,2,1,2,1,2,1,283200.0
3,2,1,2,1,2,1,188800.0
3,2,1,2,0,2,1,214200.0
3,2,1,2,0,2,1,185900.0
3,2,1,2,0,2,1,129300.0
3,2,1,2,0,2,1,252000.0
3,2,1,2,0,2,1,129000.0
2,2,4,2,0,2,1,155000.0
2,2,4,2,0,2,1,140000.0
3,2,1,2,1,2,1,161800.0
3,2,1,2,1,2,1,141600.0
3,2,1,2,0,2,0,176100.0
2,2,1,2,1,2,1,100000.0
2,2,1,2,1,2,1,70000.0
0,2,1,2,0,2,1,85000.0
0,2,1,2,0,2,1,65000.0
3,2,2,2,1,2,1,138784.0
3,2,2,2,1,2,1,83270.0
0,2,0,2,0,2,1,75000.0
0,2,0,2,0,2,1,70000.0
3,2,0,2,0,2,1,204500.0
3,2,0,2,0,2,1,138900.0
3,2,1,2,1,2,1,212200.0
3,2,1,2,1,2,1,95000.0
3,2,1,2,1,2,1,75000.0
3,2,2,2,0,2,1,195000.0
3,2,2,2,0,2,1,160000.0
3,2,1,2,0,2,1,230000.0
3,2,1,2,0,2,1,143200.0
2,2,0,2,2,2,0,105000.0
2,2,2,1,1,1,0,20670.0
2,2,0,0,0,0,1,46178.0
2,2,0,0,0,0,1,42533.0
3,2,1,2,0,2,1,145000.0
3,2,0,2,0,2,1,168400.0
3,2,0,2,0,2,1,105200.0
3,2,1,2,0,2,1,190000.0
3,2,1,2,0,2,1,150000.0
3,2,1,2,1,2,1,150000.0
3,2,1,2,1,2,1,120000.0
3,2,1,2,0,2,1,120000.0
3,2,0,1,1,1,1,54685.0
3,2,0,1,1,1,1,42533.0
3,2,1,2,0,2,1,241000.0
3,2,1,2,0,2,1,155000.0
3,2,1,2,1,2,1,220000.0
3,2,1,2,1,2,1,190000.0
2,2,2,0,0,0,1,66837.0
2,2,2,0,0,0,1,54685.0
2,2,1,0,1,0,1,85066.0
2,2,1,0,1,0,1,57723.0
0,2,0,2,1,2,1,85000.0
0,2,0,2,1,2,1,75000.0
3,2,1,2,0,2,1,160000.0
2,2,1,2,0,2,1,300000.0
2,2,1,2,0,2,1,250000.0
3,2,2,2,0,2,1,228000.0
3,2,2,2,0,2,1,186000.0
3,2,2,2,0,2,1,190000.0
2,2,1,2,0,2,1,230000.0
2,2,1,2,0,2,1,200000.0
3,2,1,2,1,2,1,180000.0
3,2,1,2,1,2,1,115000.0
3,2,1,2,1,2,1,200000.0
3,2,1,0,2,0,2,53654.0
1,2,1,2,0,2,1,220000.0
1,2,1,2,0,2,1,205000.0
2,2,1,2,0,2,1,180000.0
3,2,1,2,1,2,1,200000.0
3,2,1,2,1,2,1,150000.0
3,2,1,2,0,2,1,215000.0
3,2,1,2,0,2,1,170000.0
3,2,1,2,0,2,1,247500.0
3,2,1,2,0,2,1,172200.0
3,2,2,0,0,0,1,224000.0
3,2,2,0,0,0,1,176000.0
3,2,0,2,1,2,1,120000.0
3,2,0,2,1,2,1,75000.0
0,2,1,1,1,1,0,17022.0
3,2,2,0,1,1,1,68318.0
2,2,3,1,0,1,1,75020.0
3,2,0,2,0,2,1,140000.0
3,2,0,2,0,2,1,120000.0
3,2,1,2,0,2,1,128000.0
1,2,4,2,0,2,1,269600.0
3,2,0,2,0,2,1,100000.0
3,2,0,2,0,2,1,80000.0
3,2,2,2,0,2,1,250000.0
3,2,2,2,0,2,1,162500.0
2,2,3,2,1,2,1,200000.0
3,2,1,2,0,2,1,100000.0
1,2,1,2,0,2,1,145000.0
1,2,1,2,0,2,1,115000.0
3,2,2,2,0,2,1,203500.0
3,2,2,2,0,2,1,152000.0
3,2,2,2,0,2,0,239000.0
3,2,2,2,0,2,0,122900.0
3,2,2,2,0,2,1,237000.0
3,2,2,2,0,2,1,145000.0
3,2,4,2,0,2,1,191765.0
3,2,4,2,0,2,1,134236.0
3,2,1,2,1,2,1,190000.0
3,2,1,2,1,2,1,112000.0
3,2,2,1,1,0,0,93374.848
3,2,0,2,0,2,1,135000.0
3,2,0,2,0,2,1,105500.0
3,2,1,2,0,2,1,293000.0
3,2,1,2,0,2,1,185000.0
3,2,0,2,0,2,1,80000.0
3,2,0,2,0,2,1,70000.0
3,2,1,2,1,2,1,160000.0
3,2,2,2,1,2,1,175000.0
3,2,2,2,1,2,1,145000.0
3,2,0,2,0,2,1,200000.0
3,2,0,2,0,2,1,148500.0
3,2,1,2,0,2,0,240500.0
3,2,1,2,0,2,0,123700.0
3,2,1,2,1,2,1,152900.0
3,2,1,2,1,2,1,117100.0
3,2,1,2,1,2,1,173000.0
3,2,1,2,1,2,1,113000.0
3,2,2,2,0,2,0,260000.0
1,2,1,2,0,2,1,175000.0
1,2,1,2,0,2,1,110000.0
3,2,2,2,1,2,1,130000.0
3,2,2,2,1,2,1,110000.0
3,2,2,2,1,2,1,205000.0
3,2,2,2,1,2,1,184000.0
3,2,0,2,1,2,1,149500.0
3,2,0,2,1,2,1,127075.0
3,2,1,2,1,2,1,219535.0
3,2,1,2,1,2,1,146115.0
3,2,2,2,0,2,1,135000.0
3,2,2,2,0,2,1,199000.0
3,2,2,2,0,2,1,162000.0
1,2,1,2,1,2,1,221000.0
1,2,1,2,1,2,1,153000.0
3,2,0,2,0,2,1,187000.0
3,2,0,2,0,2,1,128000.0
3,2,2,2,0,2,1,210000.0
3,2,2,2,0,2,1,136000.0
3,2,2,2,1,2,1,100000.0
3,2,1,2,0,2,1,179000.0
3,2,1,2,0,2,1,109000.0
3,2,2,2,0,2,1,245000.0
3,2,2,2,0,2,1,180000.0
3,2,0,2,1,2,1,142000.0
3,2,4,2,0,2,1,198800.0
3,2,4,2,0,2,1,105200.0
3,2,0,2,1,2,1,125000.0
3,2,0,2,1,2,1,112000.0
3,2,2,2,0,2,1,210000.0
3,2,2,2,0,2,1,155000.0
3,2,4,2,1,2,1,115000.0
3,2,4,2,1,2,1,86000.0
3,2,2,2,0,2,1,165000.0
3,2,2,2,0,2,1,140000.0
3,2,0,2,0,2,1,139000.0
3,2,0,2,0,2,1,106000.0
0,2,0,0,0,0,0,40663.0
3,2,3,0,0,0,2,286385.0
3,1,2,1,2,1,2,50000.0
2,2,1,2,1,2,1,280700.0
2,2,1,2,1,2,1,150450.0
0,2,2,0,1,0,0,51753.0
3,2,1,2,0,2,1,250500.0
3,2,1,2,0,2,1,159500.0
0,2,2,2,1,2,1,130001.0
0,2,2,2,1,2,1,71907.0
2,2,2,2,1,2,1,93918.0
2,2,2,2,1,2,1,51962.0
3,2,0,0,1,0,1,175000.0
3,2,0,0,1,0,1,135000.0
3,2,1,2,0,2,1,257000.0
3,2,1,2,0,2,1,147000.0
3,2,1,2,1,2,1,222000.0
3,2,2,2,1,2,1,203000.0
3,2,2,2,1,2,1,133200.0
3,2,1,2,0,2,1,221000.0
3,2,1,2,0,2,1,147000.0
3,2,2,2,0,2,1,185900.0
3,2,2,2,0,2,1,129300.0
3,2,2,2,1,2,1,238000.0
3,2,2,2,1,2,1,156000.0
3,2,1,2,1,2,1,304000.0
3,2,1,2,1,2,1,199000.0
2,2,1,1,1,1,1,48289.0
3,2,1,2,0,2,1,150000.0
3,2,1,2,0,2,1,130000.0
3,2,2,2,1,2,1,140000.0
3,2,2,2,1,2,1,110000.0
2,2,0,2,0,2,1,90000.0
2,2,0,2,0,2,1,75000.0
2,2,2,0,0,0,1,195895.0
2,2,2,0,0,0,1,102772.0
3,2,1,2,0,2,1,240000.0
3,2,1,2,0,2,1,183600.0
2,2,5,2,0,2,1,130000.0
2,2,5,2,0,2,1,80000.0
3,2,1,2,0,2,1,250000.0
3,2,4,2,1,2,1,160000.0
3,2,4,2,1,2,1,120000.0
3,2,1,2,0,2,1,289076.0
3,2,1,2,0,2,1,202353.0
3,2,0,2,0,2,1,155000.0
3,2,1,2,0,2,1,200000.0
3,2,2,2,1,2,1,157750.0
3,2,2,2,1,2,1,104650.0
2,2,2,2,1,2,1,180000.0
2,2,2,2,1,2,1,140000.0
1,2,2,2,0,2,1,200000.0
1,2,2,2,0,2,1,145000.0
2,2,4,2,0,2,0,68000.0
0,2,1,2,1,2,1,60000.0
2,2,1,2,0,2,1,125000.0
2,2,1,2,0,2,1,90000.0
3,2,0,2,1,2,1,105000.0
3,2,0,2,1,2,1,90000.0
0,2,1,2,0,2,1,155000.0
0,2,1,2,0,2,1,125000.0
3,2,1,2,0,2,1,241000.0
3,2,1,2,0,2,1,181000.0
3,2,2,2,0,2,1,252000.0
3,2,2,2,0,2,1,154000.0
1,2,1,2,0,2,1,180000.0
1,2,1,2,0,2,1,155000.0
3,2,2,2,0,2,1,191765.0
3,2,2,2,0,2,1,134236.0
3,2,1,2,0,2,1,146000.0
3,2,1,2,0,2,1,75000.0
0,2,0,2,1,2,1,64200.0
0,2,0,2,1,2,1,56100.0
3,2,1,2,0,2,1,170000.0
3,2,0,2,1,2,1,208450.0
3,2,0,2,1,2,1,170550.0
3,2,1,2,0,2,1,125000.0
3,2,1,2,0,2,1,100000.0
2,2,4,2,0,2,1,135000.0
2,2,4,2,0,2,1,120000.0
3,2,2,2,1,2,1,200000.0
3,2,2,2,1,2,1,170000.0
3,2,2,0,0,0,1,171250.0
3,2,2,0,0,0,1,113750.0
3,2,0,2,0,2,1,153600.0
3,2,0,2,0,2,1,100500.0
3,2,1,0,1,0,1,115000.0
3,2,1,0,1,0,1,95000.0
2,2,0,2,0,2,1,182500.0
2,2,0,2,0,2,1,121500.0
3,2,1,2,0,2,1,203100.0
3,2,1,2,0,2,1,114500.0
2,2,0,0,0,0,1,72914.0
2,2,0,0,0,0,1,54685.0
0,2,1,2,1,2,1,92700.0
0,2,1,2,1,2,1,61800.0
3,2,1,2,1,2,1,130000.0
3,2,2,0,0,0,1,258000.0
3,2,2,0,0,0,1,190000.0
2,2,1,2,0,2,1,167500.0
2,2,1,2,0,2,1,106500.0
2,2,1,2,0,2,1,146000.0
2,2,1,2,0,2,1,75000.0
0,2,1,0,1,0,0,63361.504
1,2,1,2,1,2,1,286000.0
1,2,1,2,1,2,1,207000.0
3,2,0,2,1,2,1,80000.0
3,2,1,2,0,2,1,223250.0
3,2,1,2,0,2,1,178600.0
1,2,4,2,0,2,1,249300.0
2,2,2,2,0,2,1,230000.0
2,2,2,2,0,2,1,220000.0
3,2,2,2,1,2,1,297300.0
3,2,2,2,1,2,1,198200.0
2,2,2,2,1,2,1,210000.0
2,2,2,2,1,2,1,151800.0
3,2,2,2,0,2,1,317070.0
3,2,2,2,0,2,1,170730.0
0,2,0,1,0,1,1,21461.0
3,2,3,1,0,1,1,108000.0
3,2,3,1,0,1,1,60000.0
2,2,1,2,1,2,1,134000.0
2,2,1,2,1,2,1,124000.0
3,2,1,2,0,2,1,171250.0
3,2,1,2,0,2,1,113750.0
3,2,2,2,0,2,1,225000.0
3,2,2,2,0,2,1,175000.0
3,2,1,2,0,2,1,230000.0
3,2,1,2,0,2,1,124500.0
3,2,0,2,0,2,1,175000.0
3,2,0,2,0,2,1,148700.0
3,2,0,2,0,2,1,125600.0
3,2,2,2,0,2,1,200000.0
3,2,2,2,0,2,1,150000.0
0,2,1,2,0,2,1,160000.0
0,2,1,2,0,2,1,120000.0
3,2,0,2,1,2,1,185000.0
3,2,0,2,1,2,1,120250.0
3,2,2,2,1,2,1,183000.0
3,2,1,2,1,2,1,170000.0
3,2,1,2,1,2,1,125000.0
3,2,2,2,0,2,1,250000.0
2,2,1,2,2,2,0,135000.0
3,2,1,2,1,2,1,216000.0
3,2,1,2,1,2,1,184000.0
3,2,1,2,1,2,1,180000.0
3,2,1,2,1,2,1,165000.0
2,2,1,2,0,2,1,143865.0
2,2,1,2,0,2,1,115092.0
2,2,1,2,0,2,1,130000.0
2,2,1,2,0,2,1,90000.0
3,2,2,2,1,2,1,173000.0
3,2,2,2,1,2,1,132000.0
3,2,0,2,0,2,1,208049.0
3,2,0,2,0,2,1,128500.0
3,2,1,2,0,2,1,167500.0
3,2,1,2,0,2,1,106500.0
2,2,1,2,0,2,1,149600.0
2,2,1,2,0,2,1,102000.0
1,2,2,2,0,2,1,100000.0
3,2,0,2,1,2,1,190000.0
3,2,0,2,1,2,1,95000.0
3,2,0,2,0,2,1,106800.0
2,2,2,0,0,0,1,96578.0
2,2,2,0,0,0,1,80481.0
2,2,0,2,0,2,1,128000.0
2,2,0,2,0,2,1,85000.0
2,2,1,2,0,2,1,151000.0
2,2,1,2,0,2,1,140000.0
3,2,2,2,0,2,1,220000.0
3,2,2,2,0,2,1,170000.0
0,2,5,1,0,1,2,7000.0
0,2,2,0,2,0,1,42923.0
3,2,1,0,1,0,1,160000.0
3,2,1,0,1,0,1,145000.0
2,2,0,2,0,2,1,154000.0
2,2,0,2,0,2,1,143000.0
2,2,2,0,0,0,1,78990.0
2,2,2,0,0,0,1,51039.0
0,2,2,2,0,2,1,190000.0
0,2,2,2,0,2,1,120000.0
2,2,2,0,0,0,1,85066.0
2,2,2,0,0,0,1,109371.0
2,2,2,0,0,0,1,72914.0
3,2,1,2,0,2,1,111000.0
1,2,1,2,0,2,1,265000.0
1,2,1,2,0,2,1,235000.0
0,2,2,1,2,1,0,121093.0
2,2,2,0,1,0,1,77811.668
2,2,1,2,1,2,1,75000.0
2,2,1,2,1,2,1,60400.0
3,2,4,0,1,0,0,182302.92200000002
2,2,2,1,1,0,1,60093.0
2,2,0,2,1,2,1,83500.0
2,2,0,2,1,2,1,52500.0
3,2,2,2,0,2,1,201036.0
3,2,2,2,0,2,1,134024.0
3,2,0,2,1,2,1,165000.0
3,2,0,2,1,2,1,140000.0
0,2,1,2,1,2,1,62000.0
0,2,1,2,1,2,1,58000.0
3,2,2,2,0,2,1,172000.0
3,2,2,2,0,2,1,115000.0
0,2,1,2,0,2,1,125000.0
0,2,1,2,0,2,1,90000.0
3,2,1,2,0,2,1,163800.0
3,2,1,2,0,2,1,126000.0
2,2,1,2,1,2,1,90000.0
3,2,1,2,0,2,1,139500.0
3,2,1,2,0,2,1,109400.0
2,2,1,2,0,2,1,145000.0
2,2,1,2,0,2,1,120000.0
3,2,1,2,0,2,0,205600.0
3,2,1,2,0,2,0,105700.0
3,2,2,2,0,2,1,239748.0
3,2,2,2,0,2,1,159832.0
3,2,2,2,1,2,1,186300.0
3,2,2,2,1,2,1,102500.0
3,2,2,2,0,2,1,126000.0
3,2,1,2,1,2,1,149040.0
3,2,1,2,1,2,1,113900.0
3,2,1,2,1,2,1,153600.0
3,2,1,2,1,2,1,106800.0
3,2,1,2,1,2,1,172600.0
3,2,1,2,1,2,1,107900.0
3,2,0,2,0,2,1,180180.0
3,2,0,2,0,2,1,106020.0
3,2,1,2,1,2,1,213120.0
3,2,0,2,1,2,1,206500.0
3,2,0,2,1,2,1,121600.0
3,2,1,2,0,2,1,260000.0
3,2,1,2,0,2,1,225000.0
1,2,1,2,0,2,1,194500.0
1,2,1,2,0,2,1,115500.0
3,2,1,2,1,2,0,170000.0
3,2,2,2,1,2,0,90000.0
0,2,0,2,1,2,1,95000.0
0,2,0,2,1,2,1,70000.0
3,2,1,2,0,2,1,275000.0
3,2,0,2,1,2,1,115934.0
3,2,0,2,1,2,1,81666.0
3,2,1,2,1,2,1,150000.0
3,2,1,2,1,2,1,120000.0
3,2,1,2,0,2,1,200000.0
3,2,1,2,0,2,1,175000.0
2,2,0,2,0,2,1,206000.0
2,2,0,2,0,2,1,130000.0
3,2,1,0,1,0,1,138000.0
3,2,1,0,1,0,1,92000.0
3,2,4,1,0,1,1,65000.0
3,2,4,1,0,1,1,48000.0
3,2,0,2,1,2,1,110000.0
3,2,1,2,0,2,1,130000.0
3,2,1,2,0,2,1,87000.0
2,2,0,2,0,2,1,160000.0
2,2,0,2,0,2,1,112000.0
3,2,4,2,0,2,1,299500.0
3,2,4,2,0,2,1,245100.0
2,2,2,2,0,2,1,145000.0
2,2,2,2,0,2,1,100000.0
3,2,1,2,0,2,1,147100.0
0,2,1,2,0,2,1,115100.0
0,2,1,2,0,2,1,73900.0
3,2,1,2,0,2,1,168400.0
3,2,1,2,0,2,1,105200.0
2,2,0,2,0,2,1,100000.0
2,2,1,0,1,0,1,85066.0
2,2,1,0,1,0,1,57723.0
2,2,1,2,0,2,1,95000.0
2,2,0,2,1,2,0,130000.0
3,2,2,2,0,2,1,205000.0
3,2,2,2,0,2,1,141288.0
3,2,2,2,0,2,1,94192.0
3,2,1,2,1,2,1,184000.0
3,2,1,2,1,2,1,143000.0
3,2,0,2,0,2,1,55000.0
3,2,1,2,1,2,1,275300.0
3,2,1,2,1,2,1,183500.0
2,2,0,2,1,2,1,75000.0
2,2,0,2,1,2,1,65000.0
2,2,1,2,0,2,1,160000.0
2,2,1,2,0,2,1,147000.0
2,2,1,0,1,0,0,75020.0
2,2,2,1,1,1,0,17022.0
0,2,3,0,2,0,1,80000.0
2,2,4,1,2,1,0,18238.0
2,2,1,2,0,2,1,150000.0
1,2,1,2,1,2,1,210914.0
1,2,1,2,1,2,1,116704.0
0,2,2,2,0,2,1,150000.0
0,2,2,2,0,2,1,100000.0
0,2,0,2,1,2,1,60000.0
2,2,1,2,0,2,1,185700.0
2,2,1,2,0,2,1,165000.0
3,2,0,2,0,2,1,169000.0
3,2,0,2,0,2,1,110600.0
3,2,1,2,1,2,1,193000.0
3,2,1,2,1,2,1,136850.0
3,2,1,2,0,2,1,139500.0
3,2,1,2,0,2,1,109400.0
3,2,1,2,1,2,1,276000.0
3,2,1,2,1,2,1,178500.0
2,2,2,1,0,1,1,59020.0
2,2,2,1,0,1,1,48289.0
2,2,1,1,1,1,1,75116.0
2,2,1,1,1,1,1,48289.0
3,2,1,0,0,0,1,195652.0
3,2,1,0,0,0,1,101228.0
3,2,1,0,0,0,1,136956.0
3,2,1,0,0,0,1,101228.0
3,2,5,2,1,2,0,135382.0
2,2,4,2,1,2,1,166363.65
3,2,1,0,1,0,1,260000.0
3,2,1,0,1,0,1,110000.0
3,2,1,2,1,2,1,170000.0
3,2,1,2,1,2,1,130000.0
3,2,1,2,0,2,1,163800.0
3,2,1,2,0,2,1,126000.0
2,2,2,2,0,2,1,128750.0
2,2,2,2,0,2,1,106250.0
1,2,1,2,0,2,1,167500.0
1,2,1,2,0,2,1,106500.0
3,2,1,2,1,2,1,188500.0
3,2,1,2,1,2,1,117000.0
3,2,0,2,1,2,1,250000.0
3,2,0,2,1,2,1,138000.0
2,2,0,0,1,0,1,130000.0
2,2,0,0,1,0,1,100000.0
3,2,2,0,0,0,0,123405.0
3,2,0,2,0,2,1,160000.0
3,2,0,2,0,2,1,135000.0
2,2,4,2,0,2,1,104500.0
2,2,4,2,0,2,1,70000.0
2,2,5,2,0,2,1,90000.0
2,2,5,2,0,2,1,70000.0
2,2,2,2,1,2,1,185000.0
2,2,2,2,1,2,1,125000.0
3,2,0,2,1,2,1,127000.0
3,2,0,2,1,2,1,94000.0
3,2,2,2,0,2,1,210550.0
3,2,2,2,0,2,1,153300.0
2,2,2,2,1,2,1,200000.0
2,2,2,2,1,2,1,150000.0
3,2,0,2,1,2,1,161500.0
3,2,0,2,1,2,1,119500.0
3,2,2,2,0,2,1,148750.0
3,2,5,2,0,2,1,105000.0
3,2,5,2,0,2,1,85000.0
3,2,2,2,0,2,1,215000.0
3,2,2,2,0,2,1,146300.0
0,2,3,0,1,0,0,214618.0
2,2,1,1,1,1,1,72000.0
2,2,1,1,1,1,1,60000.0
3,2,1,2,0,2,1,153400.0
3,2,1,2,0,2,1,122700.0
2,2,1,2,0,2,1,260000.0
2,2,1,2,0,2,1,175000.0
3,2,2,2,1,2,1,123900.0
2,2,2,2,1,2,1,150000.0
2,2,1,2,0,2,1,250000.0
2,2,2,0,2,0,1,64385.0
3,2,0,2,0,2,1,185900.0
3,2,0,2,0,2,1,121700.0
3,1,1,1,2,0,1,50000.0
0,2,0,1,1,2,0,100000.0
1,2,1,2,1,2,1,310000.0
1,2,1,2,1,2,1,239000.0
3,2,0,2,0,2,1,125000.0
3,2,0,2,0,2,1,110000.0
0,2,0,2,0,2,1,150000.0
0,2,0,2,0,2,1,100000.0
3,2,2,2,0,2,1,149076.0
3,2,2,2,0,2,1,82365.0
2,2,0,0,0,0,1,97218.0
2,2,0,0,0,0,1,48609.0
3,2,0,2,0,2,1,95000.0
3,2,0,2,0,2,1,85500.0
2,2,2,2,1,2,1,97750.0
3,2,2,2,0,2,1,201000.0
3,2,2,2,0,2,1,122000.0
2,2,2,2,1,2,1,116990.0
2,2,2,2,1,2,1,82920.0
2,2,2,2,0,2,2,200000.0
2,2,2,2,0,2,2,125000.0
3,2,1,2,0,2,1,204500.0
3,2,1,2,0,2,1,142200.0
3,2,4,2,0,2,1,155000.0
3,2,4,2,0,2,1,140000.0
2,2,1,2,0,2,1,205920.0
2,2,1,2,0,2,1,171600.0
3,2,1,2,1,2,1,121500.0
3,2,1,2,1,2,1,78000.0
2,2,1,2,0,2,1,154000.0
2,2,1,2,0,2,1,116000.0
3,2,2,2,0,2,1,136000.0
2,2,0,0,1,0,1,78990.0
2,2,0,0,1,0,1,43809.0
3,2,0,2,0,2,1,180000.0
3,2,1,2,0,2,1,170000.0
3,2,1,2,0,2,1,154000.0
3,2,1,2,0,2,1,116000.0
2,2,1,2,0,2,1,200000.0
3,2,2,2,1,2,1,160000.0
2,2,1,0,0,0,1,127599.0
2,2,1,0,0,0,1,103294.0
3,2,1,2,0,2,1,153600.0
3,2,1,2,0,2,1,106800.0
3,2,2,2,0,2,1,156400.0
3,2,1,2,0,2,1,150000.0
3,2,1,2,0,2,1,120000.0
3,2,0,2,1,2,1,145000.0
3,2,2,2,0,2,1,260000.0
0,2,0,1,2,1,1,30000.0
2,2,2,2,0,2,1,185000.0
2,2,2,2,0,2,1,125000.0
0,3,0,2,1,2,2,35740.848000000005
2,2,0,1,1,1,1,9827.762
3,2,4,1,1,1,0,75116.0
3,2,0,2,1,2,1,175000.0
3,2,0,2,1,2,1,122000.0
3,2,0,2,1,2,1,93800.0
3,2,4,1,1,1,1,150000.0
3,2,4,1,1,1,1,90000.0
0,2,1,2,0,2,1,220000.0
3,2,0,0,1,0,1,71897.0
0,2,3,0,0,0,1,64385.0
3,2,0,1,1,1,2,15806.0
2,2,1,2,0,2,1,200000.0
2,2,1,2,0,2,1,175000.0
2,2,2,0,2,0,0,40000.0
3,2,5,1,2,1,1,29453.0
3,2,2,2,1,2,1,136000.0
3,2,2,2,1,2,1,104000.0
3,2,0,2,0,2,1,152380.0
3,2,0,2,0,2,1,121904.0
3,2,1,2,0,2,1,168400.0
3,2,1,2,0,2,1,105200.0
3,2,1,2,0,2,1,128280.0
3,2,1,2,0,2,1,106900.0
3,2,4,2,1,2,0,199948.80000000002
2,2,1,2,0,2,1,100000.0
3,2,1,0,1,0,2,107309.0
3,2,1,0,1,0,2,85847.0
3,2,1,0,0,0,1,275000.0
3,2,1,0,0,0,1,174000.0
3,2,0,2,1,2,1,170500.0
3,2,0,2,1,2,1,85000.0
3,2,4,0,0,0,1,72946.0
3,2,4,0,0,0,1,54365.0
1,2,4,0,0,0,1,160288.0
1,2,4,0,0,0,1,127467.0
3,2,1,2,0,2,1,80000.0
3,2,1,2,0,2,1,65000.0
3,2,1,2,0,2,1,124740.0
3,2,1,2,0,2,1,65488.0
3,2,0,2,0,2,1,72200.0
3,2,0,2,0,2,1,64980.0
3,2,0,2,1,2,1,179975.0
3,2,0,2,1,2,1,86466.0
3,2,1,2,0,2,1,90000.0
2,2,0,0,0,0,1,51039.0
2,2,0,0,0,0,1,42533.0
3,2,4,2,0,2,1,175000.0
3,2,4,2,0,2,1,120000.0
3,2,0,2,0,2,1,230000.0
3,2,4,2,0,2,1,120000.0
3,2,1,2,0,2,1,205920.0
3,2,1,2,0,2,1,171600.0
3,2,1,2,0,2,1,265000.0
2,2,1,2,0,2,1,130000.0
0,2,2,2,1,2,1,174955.2
2,2,2,1,2,1,0,38631.0
3,2,1,2,0,2,1,167580.0
3,2,1,2,0,2,1,87980.0
3,2,1,2,1,2,1,202000.0
3,2,1,2,1,2,1,135000.0
3,2,1,2,1,2,1,104000.0
3,2,1,2,1,2,1,65000.0
3,2,1,2,0,2,1,230000.0
3,2,1,2,0,2,1,148000.0
3,2,1,0,1,0,1,269000.0
3,2,1,0,1,0,1,158000.0
3,2,1,2,0,2,1,197000.0
3,2,1,2,0,2,1,106000.0
2,2,1,2,1,2,1,150000.0
2,2,1,2,1,2,1,100000.0
3,2,1,2,1,2,1,290000.0
3,2,1,2,1,2,1,210000.0
3,2,1,2,0,2,1,192000.0
3,2,1,2,0,2,1,172800.0
3,2,2,2,0,2,1,300240.0
3,2,2,2,0,2,1,200160.0
3,2,1,2,0,2,1,175000.0
3,2,1,2,0,2,1,140000.0
3,2,4,2,0,2,1,169000.0
3,2,4,2,0,2,1,100000.0
2,2,1,0,1,0,0,115447.0
3,2,0,2,1,2,2,110000.0
3,2,0,2,1,2,2,80000.0
0,2,0,2,0,2,1,55000.0
0,2,0,2,0,2,1,48000.0
3,2,0,2,0,2,1,85000.0
3,2,1,2,1,2,1,137500.0
3,2,1,2,1,2,1,81500.0
3,2,1,2,0,2,1,184700.0
2,2,2,1,0,1,2,33272.73
3,2,1,2,1,2,1,186000.0
3,2,1,2,1,2,1,153088.0
2,2,1,2,1,2,1,190000.0
2,2,1,2,1,2,1,160000.0
3,2,1,2,1,2,1,200000.0
2,2,1,2,0,2,1,190000.0
2,2,1,2,0,2,1,183310.0
3,2,1,2,1,2,1,240000.0
3,2,1,2,1,2,1,180000.0
3,2,1,2,1,2,1,144000.0
3,2,1,2,1,2,1,66000.0
2,2,1,2,0,2,1,148500.0
2,2,1,2,0,2,1,126277.0
3,2,1,2,0,2,1,228000.0
3,2,1,2,0,2,1,120000.0
3,2,1,2,0,2,1,180000.0
3,2,1,2,0,2,1,90000.0
3,2,2,2,0,2,1,126500.0
3,2,2,2,0,2,1,78000.0
3,2,1,2,0,2,1,180000.0
3,2,1,2,0,2,1,272000.0
3,2,1,2,0,2,1,170000.0
2,2,0,2,0,2,1,80000.0
2,2,0,2,0,2,1,60000.0
3,2,1,2,1,2,1,259000.0
3,2,1,2,1,2,1,146000.0
3,2,2,2,0,2,1,139500.0
2,2,1,2,1,2,1,140000.0
2,2,1,2,1,2,1,120000.0
2,2,0,1,0,1,1,109371.0
2,2,0,1,0,1,1,72914.0
0,3,0,1,1,1,0,17779.0
0,2,2,1,1,1,0,19522.0
3,2,4,2,0,2,1,247500.0
3,2,4,2,0,2,1,172200.0
3,2,1,0,1,0,1,107309.0
3,2,1,0,1,0,1,75116.0
3,2,1,2,1,2,1,288000.0
3,2,1,2,1,2,1,140000.0
2,2,4,0,0,0,1,72914.0
2,2,4,0,0,0,1,60761.0
3,2,2,2,1,2,1,215050.0
3,2,2,2,1,2,1,156400.0
3,2,1,2,1,2,1,198000.0
3,2,1,2,1,2,1,114000.0
3,2,2,2,1,2,1,209300.0
3,2,2,2,1,2,1,182200.0
0,2,2,2,0,2,1,88519.00000000001
2,2,1,0,1,0,1,48609.0
0,2,1,0,1,0,1,120000.0
0,2,1,0,1,0,1,60000.0
3,2,1,2,0,2,1,147100.0
3,2,1,2,0,2,1,90700.0
3,2,0,2,0,2,1,227000.0
3,2,0,2,0,2,1,108000.0
3,2,1,2,1,2,1,160000.0
3,2,0,1,1,1,1,55800.0
3,2,0,1,1,1,1,51508.0
0,2,0,2,1,2,0,60000.0
0,2,0,1,2,2,0,50000.0
3,2,1,2,0,2,1,226700.0
3,2,1,2,0,2,1,133300.0
3,2,1,0,1,0,0,151902.0
0,2,2,1,0,1,0,9727.0
3,2,0,2,0,2,1,52500.0
3,2,1,2,1,2,1,250000.0
3,2,1,2,1,2,1,162500.0
2,2,0,2,0,2,1,165000.0
2,2,0,2,0,2,1,124000.0
3,2,1,2,1,2,1,63000.0
3,2,2,1,0,1,1,253750.0
3,2,2,1,0,1,1,169200.0
2,2,2,2,0,2,1,170000.0
2,2,2,2,0,2,1,120000.0
3,2,1,2,1,2,1,213580.0
3,2,1,2,1,2,1,163625.0
0,2,1,1,0,1,0,12000.0
3,2,1,0,1,0,1,101943.0
2,2,0,1,1,1,0,16414.0
3,2,1,2,0,2,1,220000.0
1,2,1,2,0,2,1,210000.0
3,2,4,2,1,2,1,231250.0
3,2,4,2,1,2,1,138750.0
3,2,1,2,0,2,1,284310.0
3,2,1,2,0,2,1,153090.0
2,2,0,2,0,2,1,125000.0
2,2,0,2,0,2,1,105000.0
2,2,0,0,0,0,1,109371.0
2,2,0,0,0,0,1,85066.0
0,2,0,2,2,2,1,100000.0
3,2,4,2,0,2,1,225900.0
3,2,4,2,0,2,1,156400.0
3,2,0,2,0,2,1,60000.0
2,2,0,2,1,2,1,95000.0
3,2,2,2,1,2,1,135000.0
3,2,0,2,1,2,1,93919.0
3,2,0,2,1,2,1,51962.0
3,2,1,2,0,2,1,241871.0
3,2,1,2,0,2,1,133832.0
3,2,2,2,1,2,1,90000.0
3,2,0,2,1,2,1,192500.0
2,2,1,1,1,1,2,36000.0
3,2,2,2,1,2,1,235000.0
2,2,1,0,0,0,1,121523.0
2,2,1,0,0,0,1,97218.0
3,2,2,2,0,2,1,216100.0
3,2,2,2,0,2,1,140800.0
2,2,1,0,0,0,1,145828.0
3,2,1,0,1,0,0,53654.0
0,2,2,2,2,2,2,110000.0
2,2,1,0,1,0,1,66837.0
2,2,1,0,1,0,1,63192.0
2,2,0,0,0,0,1,60761.0
1,2,1,2,1,2,1,284000.0
1,2,1,2,1,2,1,236000.0
3,2,2,0,0,0,1,248100.0
3,2,2,0,0,0,1,145900.0
3,2,1,2,0,2,1,155850.0
3,2,1,2,0,2,1,102544.0
2,2,2,2,1,2,1,151410.0
2,2,2,2,1,2,1,115360.0
2,2,1,1,1,1,1,66531.0
2,2,1,1,1,1,1,59020.0
3,2,4,0,2,0,1,125686.0
3,2,1,0,2,0,0,100000.0
0,2,2,1,2,1,0,12767.0
3,2,2,0,0,0,1,185000.0
3,2,2,0,0,0,1,120250.0
0,2,1,0,1,0,0,26827.0
0,2,2,2,1,2,1,187452.00000000003
2,2,2,2,0,2,1,85000.0
2,2,2,2,0,2,1,70000.0
3,2,5,2,1,2,1,135000.0
3,2,5,2,1,2,1,100000.0
1,2,4,2,0,2,1,155000.0
1,2,4,2,0,2,1,140000.0
3,2,2,2,1,2,1,225000.0
3,2,1,2,0,2,1,220000.0
3,2,1,2,0,2,1,150000.0
3,2,4,2,0,2,1,204500.0
3,2,4,2,0,2,1,138900.0
3,2,1,2,1,2,1,107000.0
2,2,2,1,1,1,0,23952.2
2,2,1,2,1,2,0,110000.0
3,2,1,2,1,2,1,265000.0
3,2,1,2,1,2,1,182750.0
3,2,1,2,0,2,1,137500.0
1,2,4,2,0,2,1,314100.0
1,2,4,2,0,2,1,195800.0
3,2,2,2,0,2,1,205000.0
3,2,2,2,0,2,1,180000.0
3,2,2,2,1,2,1,165000.0
3,2,2,2,1,2,1,144000.0
0,2,5,2,0,2,1,160000.0
0,2,5,2,0,2,1,100000.0
1,2,1,2,0,2,1,200000.0
2,2,0,2,0,2,1,150000.0
3,2,4,2,0,2,1,199000.0
3,2,4,2,0,2,1,112000.0
0,2,1,0,1,0,2,130000.0
0,2,1,2,0,2,1,160000.0
0,2,1,2,0,2,1,135000.0
3,2,2,2,0,2,1,183000.0
3,2,2,2,0,2,1,134000.0
3,2,2,2,0,2,0,262500.0
3,2,0,2,0,2,1,122000.0
3,2,0,2,0,2,1,94000.0
3,2,1,2,0,2,1,276000.0
3,2,1,2,0,2,1,184000.0
2,2,1,2,1,2,1,180000.0
2,2,1,2,1,2,1,150000.0
3,2,2,2,1,2,1,209450.0
3,2,2,2,1,2,1,158677.0
2,2,0,2,0,2,1,103200.0
2,2,0,2,0,2,1,61200.0
2,2,2,2,1,2,0,161417.00000000003
0,2,1,0,2,0,0,77089.43488000002
3,2,2,1,2,1,0,63312.0
3,2,2,2,1,2,1,240000.0
3,2,2,2,1,2,1,139000.0
3,2,1,2,0,2,1,174500.0
3,2,1,2,0,2,1,113000.0
3,2,0,2,1,2,1,87000.0
3,2,0,2,1,2,1,160000.0
3,2,0,2,1,2,1,108000.0
3,2,1,2,1,2,1,107250.0
3,2,1,2,0,2,1,300000.0
3,2,1,2,0,2,1,119000.0
3,2,2,2,1,2,1,285800.0
3,2,2,2,1,2,1,154600.0
2,2,4,1,2,1,0,60795.0
0,2,0,1,1,2,2,30000.0
2,2,4,2,0,2,1,220000.0
2,2,4,2,0,2,1,195000.0
3,2,4,2,0,2,1,168400.0
3,2,1,2,1,2,1,200000.0
3,2,1,2,1,2,1,175000.0
3,2,1,2,1,2,1,231250.0
3,2,1,2,1,2,1,138750.0
3,2,1,0,1,0,1,153000.0
3,2,1,0,1,0,1,94000.0
3,2,1,2,1,2,1,90000.0
0,2,2,2,0,2,1,124234.0
0,2,2,2,0,2,1,74540.0
2,2,0,2,0,2,1,109000.0
2,2,0,2,0,2,1,79000.0
3,2,1,0,2,0,0,88928.07400000001
2,2,1,1,0,1,2,50000.0
3,2,0,2,1,2,1,125600.0
3,2,0,2,0,2,1,141290.0
3,2,0,2,0,2,1,74178.0
3,2,1,2,1,2,1,85000.0
3,2,1,2,0,2,1,220000.0
3,2,1,2,1,2,1,205600.0
3,2,1,2,1,2,1,107500.0
0,2,2,1,2,1,2,12888.0
2,2,0,2,0,2,1,52500.0
3,2,2,2,1,2,1,84000.0
3,2,0,2,0,2,1,125000.0
3,2,0,2,0,2,1,110000.0
3,2,1,2,0,2,1,200000.0
3,2,1,2,0,2,1,135000.0
0,2,0,2,2,2,0,49987.200000000004
0,2,3,1,2,1,2,120000.0
3,2,1,2,1,2,1,170000.0
2,2,1,2,0,2,1,150000.0
3,2,1,2,1,2,2,200000.0
2,2,2,1,1,1,2,80000.0
0,2,0,1,2,1,0,12877.0
0,2,3,1,0,1,2,6669.6320000000005
2,2,4,1,2,0,1,17509.0
3,2,2,2,0,2,1,257000.0
3,2,2,1,0,1,1,77262.0
3,2,2,1,0,1,1,38631.0
3,2,5,2,1,2,1,140000.0
3,2,5,2,1,2,1,110000.0
3,2,2,2,0,2,1,151800.0
2,2,2,1,2,1,0,53654.0
3,2,0,1,0,1,1,51508.0
3,2,0,1,0,1,1,40777.0
2,2,1,2,1,2,1,95000.0
3,2,2,2,1,2,1,130000.0
2,2,0,2,1,2,1,120000.0
2,2,0,2,1,2,1,100000.0
2,2,2,2,0,2,1,183310.0
3,2,0,2,1,2,1,102500.0
3,2,2,2,0,2,1,185000.0
3,2,5,2,0,2,1,122000.0
3,2,5,2,0,2,1,94000.0
3,2,2,2,0,2,1,220000.0
3,2,2,2,0,2,1,146000.0
2,2,2,1,2,1,0,24740.0
2,2,1,1,1,1,1,16819.026
3,2,5,2,0,2,1,145000.0
3,2,5,2,0,2,1,128000.0
3,2,2,2,0,2,1,182000.0
3,2,1,2,0,2,1,122000.0
3,2,1,2,0,2,1,94000.0
3,2,1,1,0,1,1,77262.0
3,2,1,1,0,1,1,38631.0
1,2,2,2,0,2,1,300000.0
2,2,0,2,0,2,1,135000.0
2,2,0,2,0,2,1,105500.0
2,2,2,2,1,2,0,114554.00000000001
3,2,2,2,1,2,1,168000.0
2,2,0,0,0,0,1,78990.0
2,2,0,0,0,0,1,43809.0
3,2,2,2,0,2,1,153400.0
3,2,2,2,0,2,1,122700.0
3,2,2,2,1,2,1,205000.0
2,2,1,2,0,2,1,145000.0
2,2,1,2,0,2,1,87000.0
0,2,2,1,1,2,1,50000.0
3,2,1,2,1,2,1,234100.0
3,2,1,2,1,2,1,203500.0
3,2,2,2,0,2,1,223800.0
3,2,2,2,0,2,1,172100.0
3,2,1,2,1,2,1,232200.0
3,2,1,2,1,2,1,167200.0
3,2,5,2,0,2,1,197000.0
3,2,5,2,0,2,1,106000.0
3,2,2,2,0,2,1,180000.0
3,2,2,2,0,2,1,145000.0
3,2,4,2,0,2,1,225000.0
3,2,4,2,0,2,1,200000.0
3,2,1,2,1,2,1,114000.0
3,2,1,2,0,2,1,291500.0
1,2,1,2,0,2,1,196200.0
1,2,1,2,0,2,1,150900.0
3,2,2,2,0,2,1,168400.0
3,2,2,2,0,2,1,105200.0
2,2,1,1,1,1,1,95000.0
2,2,1,1,1,1,1,80000.0
2,2,0,2,0,2,1,116000.0
2,2,0,2,0,2,1,72000.0
3,2,1,2,0,2,1,207000.0
3,2,1,2,0,2,1,167000.0
3,2,1,2,0,2,1,145000.0
3,2,1,2,0,2,1,135000.0
2,2,1,2,0,2,1,105000.0
2,2,1,2,0,2,1,70000.0
3,2,1,2,1,2,1,133800.0
3,2,1,2,1,2,1,96100.0
2,2,0,2,0,2,1,120000.0
3,2,1,2,0,2,1,140000.0
3,2,1,2,0,2,1,100000.0
3,2,2,2,0,2,1,120000.0
3,2,1,2,1,2,1,140000.0
3,2,1,2,1,2,1,115000.0
3,2,4,2,1,2,1,297300.0
3,2,4,2,1,2,1,198200.0
2,2,1,2,2,2,0,219000.0
3,2,2,2,1,2,1,230000.0
3,2,2,2,1,2,1,196000.0
3,2,1,2,0,2,1,110000.0
3,2,2,2,0,2,0,126100.0
3,2,2,2,0,2,0,72000.0
2,2,1,2,1,2,1,175000.0
2,2,1,2,1,2,1,140000.0
3,2,0,2,0,2,1,240500.0
3,2,0,2,0,2,1,137500.0
2,2,2,2,0,2,1,187500.0
2,2,2,2,0,2,1,165000.0
2,2,1,0,0,0,0,72914.0
0,3,0,1,1,2,0,26678.528000000002
3,2,2,2,0,2,1,165750.0
3,2,2,2,1,2,1,225000.0
3,2,2,2,1,2,1,165750.0
2,2,1,0,0,0,1,109006.0
2,2,1,0,0,0,1,67141.0
3,2,2,2,1,2,1,115000.0
3,2,1,2,0,2,1,275000.0
3,2,1,2,0,2,1,175000.0
3,2,1,2,0,2,1,175308.0
3,2,1,2,0,2,1,100706.0
3,2,1,2,0,2,1,235000.0
3,2,1,2,0,2,1,135000.0
3,2,1,2,0,2,1,310000.0
3,2,1,2,0,2,1,229000.0
3,2,1,2,0,2,1,289076.0
3,2,1,2,0,2,1,202353.0
3,2,1,1,0,1,1,69751.0
3,2,1,1,0,1,1,37558.0
2,2,1,2,1,2,1,120000.0
2,2,1,2,1,2,1,100000.0
3,2,2,1,1,1,0,62267.819776000004
2,2,0,1,2,1,0,19376.212
3,2,1,2,1,2,1,231250.0
3,2,1,2,1,2,1,138750.0
3,2,1,2,0,2,1,199000.0
3,2,1,2,0,2,1,162000.0
0,2,2,2,1,2,1,104140.00000000001
0,2,1,2,0,2,1,150000.0
0,2,1,2,0,2,1,120000.0
3,2,1,2,0,2,1,150000.0
3,2,1,2,0,2,1,100000.0
3,2,4,0,0,0,0,138506.2
3,2,2,2,0,2,1,272550.0
3,2,2,2,0,2,1,198200.0
2,2,2,2,0,2,1,105000.0
3,2,1,2,1,2,1,187500.0
3,2,0,2,1,2,1,155000.0
3,2,0,2,1,2,1,64000.0
3,2,1,2,0,2,1,235000.0
3,2,1,2,0,2,1,185000.0
3,2,2,0,0,0,1,143100.0
3,2,2,0,0,0,1,113000.0
3,2,2,2,1,2,1,142000.0
3,2,2,2,0,2,1,180560.0
3,2,2,2,0,2,1,115440.0
3,2,2,2,0,2,1,248100.0
3,2,2,2,0,2,1,145900.0
3,2,2,0,0,0,1,120000.0
3,2,2,0,0,0,1,110000.0
2,2,1,0,1,0,1,75344.0
2,2,1,0,1,0,1,63192.0
3,2,1,2,0,2,1,161800.0
3,2,1,2,0,2,1,141600.0
2,2,1,0,1,0,1,58331.0
2,2,1,0,1,0,1,46178.0
3,2,1,2,1,2,1,128000.0
3,2,1,2,1,2,1,110000.0
3,2,1,2,1,2,1,236000.0
3,2,1,2,1,2,1,182000.0
2,2,0,1,1,1,0,15136.806
0,2,2,2,0,2,1,135382.0
3,2,1,2,0,2,0,261500.0
3,2,1,2,0,2,0,134500.0
2,2,2,1,1,1,0,14800.362000000001
2,2,2,2,0,2,1,130000.0
2,2,2,2,0,2,1,90000.0
3,2,4,2,1,2,0,130175.00000000001
3,2,1,2,0,2,1,182245.00000000003
3,2,1,2,0,2,1,161417.00000000003
3,2,1,2,0,2,1,159959.04
3,2,1,2,0,2,1,111221.52
3,2,2,2,0,2,1,156210.00000000003
3,2,2,2,0,2,1,145796.0
3,2,5,2,0,2,1,127050.80000000002
3,2,5,2,0,2,1,98412.3
3,2,1,2,0,2,1,177038.00000000003
3,2,1,2,0,2,1,135382.0
3,2,5,2,0,2,1,151003.00000000003
3,2,5,2,0,2,1,133299.2
3,2,1,2,0,2,1,151003.00000000003
3,2,1,2,0,2,1,104140.00000000001
3,2,1,2,0,2,1,124968.00000000001
3,2,1,2,0,2,1,119761.00000000001
3,2,2,2,1,2,1,156210.00000000003
2,2,0,2,0,2,1,156210.00000000003
2,2,0,2,0,2,1,104140.00000000001
2,2,2,2,1,2,1,156210.00000000003
2,2,2,2,1,2,1,132778.5
3,2,2,2,1,2,1,131737.1
3,2,2,2,1,2,1,53111.40000000001
2,2,1,2,0,2,1,270764.0
2,2,1,2,0,2,1,182245.00000000003
0,2,2,0,1,1,1,41656.00000000001
0,2,3,1,1,0,1,41656.00000000001
3,2,1,2,1,2,1,260350.00000000003
3,2,1,2,1,2,1,65608.20000000001
3,2,1,2,1,2,1,218694.00000000003
3,2,1,2,1,2,1,166624.00000000003
3,2,2,2,1,2,1,283833.57
3,2,2,2,1,2,1,206405.48
2,2,2,0,1,0,1,100044.48000000001
2,2,2,0,1,0,1,55579.914000000004
3,2,2,2,0,2,1,229108.00000000003
3,2,2,2,0,2,1,152044.40000000002
3,2,1,0,1,0,1,258683.76000000004
3,2,1,0,1,0,1,191201.04
2,2,1,2,1,2,1,156210.00000000003
0,2,3,1,1,0,1,41656.00000000001
3,2,4,1,0,1,0,60012.934
2,2,1,2,0,2,1,124968.00000000001
2,2,1,2,0,2,1,98933.00000000001
0,2,1,2,0,2,1,166624.00000000003
0,2,1,2,0,2,1,140589.0
0,2,5,1,2,1,1,25566.57
3,2,1,2,1,2,1,224942.40000000002
3,2,1,2,1,2,1,149961.6
0,2,1,2,0,2,1,88519.00000000001
0,2,1,2,0,2,1,67691.0
3,2,0,2,1,2,1,155168.6
3,2,0,2,1,2,1,123926.6
3,2,2,2,0,2,1,124968.00000000001
2,2,2,2,0,2,1,156210.00000000003
2,2,2,2,0,2,1,114554.00000000001
3,2,1,2,1,2,1,256184.40000000002
3,2,1,2,1,2,1,209321.40000000002
3,2,2,2,0,2,1,197866.00000000003
3,2,2,2,0,2,1,161417.00000000003
3,2,1,2,1,2,1,244729.00000000003
3,2,1,2,1,2,1,192659.00000000003
3,2,1,2,1,2,1,197866.00000000003
3,2,1,2,1,2,1,166624.00000000003
0,2,0,2,1,2,1,104140.00000000001
2,2,1,2,0,2,1,135382.0
2,2,1,2,0,2,1,119761.00000000001
2,2,2,0,0,0,1,97706.3
2,2,2,0,0,0,1,71650.93400000001
2,2,1,2,0,2,1,109347.00000000001
2,2,1,2,0,2,1,72898.0
3,2,1,2,0,2,1,212966.30000000002
3,2,1,2,0,2,1,148087.08000000002
3,2,1,2,1,2,1,199948.80000000002
3,2,1,2,1,2,1,170789.6
3,2,1,2,0,2,1,193596.26
3,2,1,2,0,2,1,134653.02000000002
3,2,1,2,0,2,1,78105.00000000001
3,2,4,2,0,2,1,182245.00000000003
3,2,4,2,0,2,1,124968.00000000001
3,2,1,2,0,2,1,174434.50000000003
3,2,1,2,0,2,1,110909.1
2,2,0,2,1,2,1,78105.00000000001
2,2,0,2,1,2,1,62484.00000000001
3,2,2,2,1,2,1,191617.6
3,2,2,2,1,2,1,147878.80000000002
2,2,2,2,0,2,1,151003.00000000003
2,2,2,2,0,2,1,104140.00000000001
0,2,1,1,2,1,2,10414.000000000002
2,2,2,1,1,2,1,33639.11
2,2,1,1,1,1,2,46938.170000000006
1,2,1,2,0,2,1,208280.00000000003
1,2,1,2,0,2,1,151003.00000000003
2,2,1,0,1,0,1,97706.3
2,2,1,0,1,0,1,78165.04000000001
3,2,2,2,1,2,1,199948.80000000002
3,2,2,2,1,2,1,170789.6
1,2,1,2,1,2,1,248894.60000000003
3,2,0,2,0,2,1,124968.00000000001
3,2,0,2,0,2,1,98933.00000000001
3,2,1,2,0,2,1,151003.00000000003
3,2,1,2,0,2,1,140589.0
3,2,1,2,0,2,1,81229.20000000001
3,2,1,1,0,1,1,77811.668
3,2,1,1,0,1,1,38905.834
2,2,1,2,1,2,1,166624.00000000003
2,2,1,2,1,2,1,124968.00000000001
2,2,1,1,2,1,0,37675.380000000005
3,2,2,1,1,1,0,130175.00000000001
3,2,1,2,0,2,1,98933.00000000001
3,2,2,1,0,1,1,50022.240000000005
3,2,2,1,0,1,1,40017.792
3,2,0,2,1,2,1,120733.66760000002
3,2,0,2,1,2,1,85046.97240000001
3,2,2,2,1,2,1,182245.00000000003
3,2,2,2,1,2,1,145796.0
3,2,1,2,0,2,1,259829.30000000002
3,2,1,2,0,2,1,156053.79
2,2,1,2,1,2,1,127571.50000000001
2,2,1,2,1,2,1,104140.00000000001
3,2,2,2,0,2,1,259829.30000000002
3,2,2,2,0,2,1,156053.79
0,2,0,2,0,2,1,57277.00000000001
0,2,0,2,0,2,1,49987.200000000004
3,2,2,2,0,2,1,259829.30000000002
3,2,2,2,0,2,1,156053.79
2,2,1,0,1,0,2,62249.546
3,2,1,2,1,2,1,197866.00000000003
3,2,1,2,1,2,1,124968.00000000001
3,2,0,2,1,2,1,132257.80000000002
3,2,0,2,1,2,1,108305.6
3,2,2,2,1,2,1,218694.00000000003
3,2,2,2,1,2,1,156210.00000000003
3,2,1,2,1,2,1,156210.00000000003
3,2,1,2,1,2,1,218694.00000000003
3,2,1,2,1,2,1,135382.0
3,2,2,2,1,2,1,190315.85
3,2,2,2,1,2,1,168186.1
2,2,0,2,1,2,1,106889.29600000002
2,2,0,2,1,2,1,68836.54000000001
3,2,2,2,1,2,1,218694.00000000003
3,2,2,2,1,2,1,156210.00000000003
3,2,1,2,0,2,1,207030.32
3,2,1,2,0,2,1,127675.64000000001
2,2,1,2,1,2,1,135382.0
2,2,1,2,1,2,1,83312.00000000001
3,2,2,2,1,2,1,141630.40000000002
3,2,2,2,1,2,1,108305.6
3,2,0,2,1,2,1,156210.00000000003
3,2,0,2,1,2,1,104140.00000000001
1,2,2,2,1,2,1,165582.6
1,2,2,2,1,2,1,135382.0
3,2,1,2,1,2,1,223901.00000000003
3,2,1,2,1,2,1,156210.00000000003
2,2,1,2,1,2,1,194741.80000000002
2,2,1,2,1,2,1,159334.2
3,2,1,1,1,1,1,265557.0
3,2,1,1,1,1,1,192659.00000000003
2,2,0,0,0,0,1,58623.780000000006
3,2,0,1,0,1,1,53357.056000000004
3,2,0,1,0,1,1,42240.65
3,2,0,2,0,2,1,175996.6
3,2,0,2,0,2,1,115178.84000000001
0,2,0,0,0,0,0,64472.404
3,2,5,2,1,2,1,145796.0
3,2,5,2,1,2,1,124968.00000000001
3,2,2,0,2,1,2,10414.000000000002
0,2,0,2,2,2,0,52070.00000000001
2,2,1,2,1,2,1,139547.6
2,2,1,2,1,2,1,129133.6
3,2,0,2,0,2,1,173601.38
3,2,0,2,0,2,1,123926.6
0,2,2,2,0,2,1,129377.28760000001
0,2,2,2,0,2,1,77625.956
2,2,0,2,1,2,1,104140.00000000001
2,2,0,2,1,2,1,67691.0
2,2,0,1,2,1,0,19458.262016
0,2,2,0,2,0,0,208280.00000000003
0,2,1,1,1,1,0,12496.800000000001
3,2,1,2,1,2,1,229108.00000000003
3,2,1,2,1,2,1,152044.40000000002
3,2,1,1,0,1,1,72253.994
3,2,5,2,0,2,1,114554.00000000001
3,2,5,2,0,2,1,72898.0
3,2,1,2,1,2,1,197866.00000000003
3,2,1,2,1,2,1,140589.0
3,2,2,2,0,2,1,133299.2
3,2,2,2,0,2,1,84874.1
3,2,2,2,1,2,1,180162.2
3,2,2,2,1,2,1,114554.00000000001
3,2,1,2,0,2,1,199948.80000000002
3,2,1,2,0,2,1,124968.00000000001
3,2,4,2,1,2,0,197866.00000000003
3,2,1,2,1,2,1,202031.6
3,2,1,2,1,2,1,134757.16
3,2,0,2,1,2,1,209321.40000000002
3,2,0,2,1,2,1,92892.88
3,2,2,2,0,2,1,171831.00000000003
3,2,2,2,0,2,1,130175.00000000001
3,2,2,2,1,2,1,239522.00000000003
3,2,2,2,1,2,1,204114.40000000002
2,2,1,2,0,2,1,135382.0
2,2,1,2,0,2,1,93726.00000000001
2,2,2,2,1,2,1,156210.00000000003
2,2,2,2,1,2,1,104140.00000000001
2,2,1,2,0,2,1,239522.00000000003
2,2,1,2,0,2,1,156210.00000000003
2,2,2,2,1,2,1,135382.0
2,2,2,2,0,2,1,187452.00000000003
2,2,2,2,0,2,1,124968.00000000001
3,2,0,2,1,2,1,200469.50000000003
3,2,0,2,1,2,1,145796.0
3,2,1,2,0,2,1,158813.50000000003
3,2,0,2,1,2,1,67691.0
3,2,0,2,1,2,1,57277.00000000001
3,2,1,2,0,2,1,186150.25000000003
3,2,1,2,0,2,1,166624.00000000003
2,2,2,0,1,0,1,66696.32
2,2,2,2,0,2,1,171831.00000000003
2,2,2,2,0,2,1,140589.0
3,2,1,2,1,2,1,177038.00000000003
3,2,1,2,1,2,1,130175.00000000001
3,2,1,2,0,2,1,109347.00000000001
3,2,1,2,0,2,1,72898.0
3,2,2,2,0,2,1,135382.0
3,2,2,2,0,2,1,98933.00000000001
3,2,2,2,0,2,1,211924.90000000002
3,2,2,2,0,2,1,158292.80000000002
3,2,1,2,1,2,1,205603.602
3,2,1,2,1,2,1,140339.064
2,2,2,2,1,2,1,124968.00000000001
3,2,1,2,0,2,1,205155.80000000002
3,2,1,2,0,2,1,103098.6
3,2,1,2,1,2,1,168706.80000000002
2,2,1,1,0,1,1,116851.868
2,2,1,1,0,1,1,83770.32400000001
2,2,5,0,0,0,1,74256.788
2,2,5,0,0,0,1,54715.528000000006
3,2,1,2,1,2,1,155210.25600000002
3,2,1,2,1,2,1,118615.46
2,2,0,2,0,2,1,110315.73631499999
3,2,0,2,1,2,2,127545.46500000001
3,2,0,2,1,0,0,178079.40000000002
0,2,1,1,1,1,2,13538.2
0,1,5,1,1,2,2,52070.00000000001
3,2,2,2,0,2,1,193596.26
3,2,2,2,0,2,1,134653.02000000002
3,2,1,2,1,2,1,239522.00000000003
3,2,1,2,1,2,1,161000.44
2,2,1,2,1,2,1,78105.00000000001
3,2,1,2,0,2,1,221818.2
3,2,1,2,0,2,1,158292.80000000002
3,2,2,2,1,2,1,124968.00000000001
3,2,2,2,0,2,1,114554.00000000001
3,2,2,2,0,2,1,72898.0
3,2,1,0,1,0,1,236606.08000000002
3,2,1,0,1,0,1,174955.2
0,2,2,1,0,1,1,22181.82
2,2,2,0,0,0,1,67807.22
2,2,2,0,0,0,1,64472.404
3,2,1,2,1,2,1,253060.2
3,2,1,2,1,2,1,190576.2
3,2,1,2,0,2,1,156210.00000000003
2,2,2,2,1,2,1,135382.0
2,2,2,2,1,2,1,93726.00000000001
2,2,0,2,0,2,1,171831.00000000003
2,2,0,2,0,2,1,129133.6
3,2,1,0,0,0,1,185369.2
3,2,1,0,0,0,1,137464.80000000002
3,2,1,2,0,2,1,312420.00000000006
3,2,0,2,1,2,1,120802.40000000001
3,2,0,2,1,2,1,99974.40000000001
3,2,0,0,0,0,1,97706.3
3,2,0,0,0,0,1,74256.788
3,2,0,2,0,2,1,109347.00000000001
3,2,0,2,0,2,1,72898.0
2,2,2,0,2,0,0,111339.68800000001
3,2,0,2,0,2,1,104140.00000000001
0,2,1,2,0,2,1,197605.65000000002
0,2,1,2,0,2,1,146056.35
3,2,0,2,0,2,1,135382.0
2,2,0,2,0,2,1,166624.00000000003
2,2,0,2,0,2,1,113512.6
3,2,1,2,0,2,1,260350.00000000003
3,2,1,2,0,2,1,156210.00000000003
2,2,0,2,0,2,1,214528.40000000002
3,2,1,2,0,2,1,140589.0
3,2,1,0,1,0,1,122276.23400000001
3,2,1,0,1,0,1,77811.668
3,2,1,1,0,1,1,44463.508
3,2,1,2,0,2,1,199115.68000000002
0,2,1,0,2,0,0,70031.136
0,2,2,2,1,1,2,52070.00000000001
3,2,1,2,0,2,0,239522.00000000003
3,2,1,2,0,2,0,161000.44
2,2,0,2,1,2,0,83312.00000000001
3,2,1,2,0,2,1,140589.0
3,2,1,2,0,2,1,114554.00000000001
2,2,4,2,0,2,1,161417.00000000003
2,2,4,2,0,2,1,145796.0
3,2,1,2,1,2,1,213487.00000000003
3,2,1,2,0,2,1,186931.30000000002
3,2,1,2,0,2,1,139547.6
3,2,2,2,1,2,1,151003.00000000003
3,2,1,2,1,2,1,244729.00000000003
3,2,1,2,1,2,1,182245.00000000003
0,2,5,1,2,1,0,28901.386000000002
2,2,1,2,1,2,1,93726.00000000001
2,2,5,2,0,2,1,171831.00000000003
2,2,5,2,0,2,1,140589.0
3,2,1,2,0,2,1,175371.76
3,2,1,2,0,2,1,109555.28000000001
2,2,1,0,1,0,1,91192.194
2,2,1,0,1,0,1,52109.674
3,2,1,2,0,2,1,208280.00000000003
3,2,2,2,0,2,1,207030.32
3,2,2,2,0,2,1,127675.64000000001
0,1,1,1,1,1,1,104140.00000000001
2,2,0,0,2,0,1,111159.82800000001
2,2,1,0,0,0,1,110733.45400000001
2,2,1,0,0,0,1,78165.04000000001
3,2,1,2,1,2,1,130175.00000000001
3,2,1,2,1,2,1,114554.00000000001
3,2,2,2,1,2,1,154127.2
3,2,2,2,1,2,1,111429.80000000002
2,2,0,0,0,0,1,104140.00000000001
2,2,0,0,0,0,1,67691.0
3,2,1,1,0,1,1,66696.32
3,2,1,1,0,1,1,38905.834
3,2,4,2,0,2,1,311899.30000000005
3,2,4,2,0,2,1,255247.14
3,2,2,2,1,2,1,174955.2
3,2,2,2,1,2,1,135382.0
2,2,1,2,1,2,1,167665.40000000002
2,2,1,2,1,2,1,122885.20000000001
3,2,2,2,1,2,1,213487.00000000003
3,2,4,2,0,2,1,257746.50000000003
3,2,4,2,0,2,1,179329.08000000002
3,2,5,1,0,1,0,72253.994
3,2,0,2,0,2,1,184327.80000000002
3,2,0,2,0,2,1,136423.40000000002
3,2,1,2,0,2,1,152044.40000000002
3,2,1,2,0,2,1,106222.80000000002
2,2,1,2,0,2,1,83312.00000000001
2,2,1,2,0,2,1,67691.0
3,2,1,0,1,0,1,65136.828
3,2,1,0,1,0,1,45595.568
2,2,1,2,1,2,1,182245.00000000003
2,2,1,2,1,2,1,140589.0
0,2,2,2,0,2,1,83312.00000000001
3,2,1,2,1,2,1,240823.75000000003
3,2,1,2,1,2,1,144494.25
3,2,1,2,1,2,1,201771.25000000003
3,2,1,2,1,2,1,121062.75000000001
3,2,1,2,1,2,1,240823.75000000003
3,2,1,2,1,2,1,144494.25
3,2,1,2,1,2,1,201771.25000000003
3,2,1,2,1,2,1,121062.75000000001
3,2,2,2,1,2,1,216611.2
3,2,2,2,1,2,1,132257.80000000002
3,2,2,2,1,2,1,312420.00000000006
3,2,2,2,1,2,1,204114.40000000002
2,1,5,1,2,1,1,50524.640505
3,2,2,2,1,2,1,213487.00000000003
3,2,2,2,1,2,1,192659.00000000003
3,2,1,2,0,2,1,257746.50000000003
3,2,1,2,0,2,1,179329.08000000002
3,2,0,2,0,2,1,114554.00000000001
0,2,2,1,1,1,1,18709.672000000002
3,2,2,2,0,2,1,234315.00000000003
3,2,2,2,0,2,1,162874.96000000002
2,2,1,0,0,0,1,110733.45400000001
2,2,1,0,0,0,1,84678.088
3,2,2,2,0,2,1,146524.98
3,2,2,2,0,2,1,97683.32
3,2,2,2,1,2,1,140589.0
0,3,0,1,1,2,0,12496.800000000001
2,2,1,1,1,1,0,110769.426
0,2,3,1,1,0,2,34366.200000000004
0,2,2,1,1,0,2,36682.976
3,2,1,2,0,2,1,209321.40000000002
3,2,1,2,0,2,1,123926.6
3,2,1,2,1,2,1,182245.00000000003
3,2,0,2,0,2,1,160958.784
3,2,0,2,0,2,1,128767.02720000001
2,2,1,2,0,2,1,177038.00000000003
2,2,1,2,0,2,1,151003.00000000003
3,2,1,2,1,2,1,140589.0
3,2,1,2,1,2,1,104140.00000000001
3,2,2,2,0,2,1,257746.50000000003
3,2,2,2,0,2,1,179329.08000000002
3,2,2,2,1,2,1,184848.50000000003
3,2,2,2,1,2,1,139547.6
3,2,1,2,1,2,1,200536.14960000003
3,2,1,2,1,2,1,150850.95560000002
3,2,1,2,1,2,1,186728.227
3,2,1,2,1,2,1,148011.0578
3,2,1,2,1,2,1,234315.00000000003
3,2,2,2,1,2,1,253997.46000000002
3,2,2,2,1,2,1,163083.24000000002
2,2,0,2,0,2,1,82270.6
2,2,4,1,2,1,0,94485.748
3,2,1,2,1,2,1,190055.50000000003
3,2,1,2,1,2,1,133819.90000000002
0,2,4,2,1,2,1,80500.22
0,2,4,2,1,2,1,47487.840000000004
3,2,0,2,1,2,1,114554.00000000001
3,2,1,2,1,2,1,218694.00000000003
3,2,1,2,1,2,1,141630.40000000002
3,2,1,1,1,1,2,13339.264000000001
3,2,1,2,1,2,1,177038.00000000003
3,2,1,2,1,2,1,145796.0
3,2,1,2,0,2,1,257746.50000000003
3,2,1,2,0,2,1,179329.08000000002
3,2,1,2,0,2,1,234315.00000000003
3,2,1,2,0,2,1,191721.74000000002
2,2,2,2,1,2,1,104140.00000000001
2,2,2,2,1,2,1,88519.00000000001
2,2,2,2,1,2,1,81229.20000000001
3,2,1,2,1,2,1,167665.40000000002
1,2,4,2,0,2,1,213487.00000000003
1,2,4,2,0,2,1,166624.00000000003
0,2,1,0,1,0,1,65136.828
0,2,1,0,1,0,1,52109.674
3,2,2,2,0,2,1,255143.00000000003
3,2,2,2,0,2,1,187452.00000000003
3,2,1,2,0,2,1,229108.00000000003
3,2,2,2,0,2,0,206655.41600000003
3,2,2,2,0,2,0,149961.6
3,2,1,2,0,2,1,249936.00000000003
3,2,2,2,0,2,1,206655.41600000003
3,2,2,2,0,2,1,149961.6
2,2,0,2,1,2,1,156210.00000000003
2,2,2,0,2,0,1,61228.576
0,2,0,2,1,2,0,66649.6
0,2,2,0,2,0,0,42240.65
3,2,1,0,1,0,1,194950.08000000002
3,2,1,0,1,0,1,120906.54000000001
3,2,0,2,0,2,1,156210.00000000003
3,2,0,2,0,2,1,132257.80000000002
3,2,1,2,1,2,1,286385.0
3,2,1,2,1,2,1,172872.40000000002
3,2,2,2,0,2,1,166310.53860000003
3,2,2,2,0,2,1,144690.0332
0,2,0,2,2,2,0,79146.40000000001
3,2,1,0,0,0,1,109431.05600000001
3,2,1,0,0,0,1,97706.3
3,2,0,2,0,2,1,83312.00000000001
3,2,0,2,0,2,1,54673.50000000001
3,2,1,2,1,2,1,245770.40000000002
3,2,1,2,1,2,1,189534.80000000002
3,2,2,2,1,2,1,187452.00000000003
3,2,0,2,1,2,1,140589.0
2,2,1,2,1,2,1,249936.00000000003
0,3,0,1,2,2,2,130595.72560000002
3,2,1,2,1,2,1,203073.00000000003
3,2,1,2,0,2,1,114554.00000000001
3,2,0,2,0,2,1,128092.20000000001
3,2,0,2,0,2,1,96069.15000000001
2,2,1,2,1,2,1,187452.00000000003
2,2,1,2,1,2,1,104140.00000000001
3,2,1,2,1,2,1,101015.8
3,2,1,2,1,2,1,93726.00000000001
3,2,1,2,1,2,1,187452.00000000003
3,2,1,2,0,2,1,270764.0
3,2,1,2,0,2,1,187452.00000000003
1,2,1,2,1,2,1,218694.00000000003
1,2,1,2,1,2,1,163499.80000000002
2,2,0,2,0,2,1,83312.00000000001
2,2,0,2,0,2,1,54673.50000000001
3,2,1,2,0,2,1,133299.2
3,2,1,2,0,2,1,84874.1
3,2,1,2,0,2,1,109347.00000000001
3,2,1,2,0,2,1,72898.0
3,2,2,2,0,2,1,182245.00000000003
3,2,2,2,0,2,1,127571.50000000001
3,2,1,2,0,2,1,178079.40000000002
3,2,1,2,0,2,1,121843.80000000002
3,2,2,2,0,2,0,211195.92
3,2,2,2,0,2,0,108618.02
3,2,0,1,0,1,1,38905.834
2,2,2,1,1,1,0,31242.000000000004
2,2,1,1,1,1,1,81229.20000000001
2,2,1,1,1,1,1,49987.200000000004
2,2,1,1,1,1,1,81229.20000000001
2,2,1,1,1,1,1,43738.8
3,2,1,2,0,2,1,239938.56000000003
2,2,0,1,1,1,1,81229.20000000001
2,2,0,1,1,1,1,49987.200000000004
3,2,0,2,1,2,1,183234.33000000002
3,2,0,2,1,2,1,135434.07
3,2,1,2,0,2,0,214111.84000000003
3,2,1,2,0,2,0,110075.98000000001
3,2,0,2,1,2,1,246395.24000000002
2,2,2,1,1,1,1,87477.6
2,2,2,1,1,1,1,56235.600000000006
0,2,2,2,1,2,0,83312.00000000001
3,2,0,0,1,0,2,208280.00000000003
0,2,2,0,1,0,0,78019.03600000001
3,2,4,2,2,2,2,171831.00000000003
0,2,2,0,2,0,0,35174.268000000004
0,2,5,1,2,1,0,6226.321536
2,2,1,0,2,0,0,86390.3552
0,2,1,2,0,2,2,112471.20000000001
3,2,2,1,1,0,0,8331.2
3,2,2,2,1,2,1,161417.00000000003
3,2,2,2,1,2,1,39573.200000000004
2,2,0,2,0,2,1,88519.00000000001
2,2,0,2,0,2,1,67691.0
2,2,1,0,0,0,1,117247.56000000001
2,2,1,0,0,0,1,97706.3
3,2,2,2,1,2,1,159959.04
3,2,2,2,1,2,1,111221.52
3,2,2,2,1,2,1,52070.00000000001
3,2,2,2,0,2,1,128508.76000000001
3,2,2,2,0,2,1,91747.34000000001
3,2,2,2,1,2,2,124968.00000000001
3,2,2,2,1,2,2,57277.00000000001
3,2,1,2,0,2,1,156210.00000000003
3,2,1,2,0,2,1,124968.00000000001
3,2,5,2,0,2,1,144754.6
3,2,0,2,0,2,1,145379.44
3,2,0,2,0,2,1,89247.98000000001
3,2,1,2,1,2,1,192659.00000000003
3,2,1,2,1,2,1,52070.00000000001
3,2,2,2,1,2,1,208280.00000000003
2,2,1,2,1,2,0,154647.90000000002
2,2,1,2,1,2,0,102265.48000000001
3,2,0,2,1,2,1,119761.00000000001
3,2,0,2,1,2,1,98933.00000000001
3,2,1,2,1,2,1,234315.00000000003
3,2,1,2,1,2,1,68732.40000000001
2,2,4,2,0,2,1,139547.6
2,2,4,2,0,2,1,102057.20000000001
2,2,0,2,0,2,1,109347.00000000001
2,2,0,2,0,2,1,64566.8
0,2,0,2,1,2,0,59359.8
3,2,1,0,2,0,1,170667.038
2,2,2,2,1,2,1,150169.88
2,2,2,2,1,2,1,120135.90400000001
2,2,2,0,0,0,0,87994.918
3,2,4,1,1,1,0,40366.932
3,2,1,1,0,1,1,77811.668
3,2,1,1,0,1,1,44463.508
3,2,1,2,1,2,1,187452.00000000003
3,2,1,2,1,2,1,166624.00000000003
2,2,2,2,2,2,0,112471.20000000001
3,2,4,2,1,2,1,208280.00000000003
3,2,4,2,1,2,1,156210.00000000003
1,2,4,0,2,0,0,133282.608
3,2,1,2,1,2,1,196512.18000000002
3,2,1,2,1,2,1,167035.353
3,2,2,2,1,2,1,206655.41600000003
3,2,2,2,1,2,1,149961.6
3,2,2,2,1,2,1,199402.06500000003
3,2,2,2,1,2,1,147384.135
2,2,2,0,1,0,2,80035.584
3,2,4,2,1,2,0,163362.33520000003
3,2,0,1,1,1,2,208280.00000000003
3,2,4,1,1,1,0,73365.952
2,2,1,1,1,1,1,5429.656
3,0,0,2,1,2,1,93726.00000000001
2,2,2,0,0,0,2,133392.64
2,2,2,0,0,0,2,88928.07400000001
3,2,1,2,1,2,1,208280.00000000003
3,2,1,2,1,2,1,187452.00000000003
2,2,1,2,1,2,1,112471.20000000001
2,2,1,2,1,2,1,88519.00000000001
3,2,1,2,1,2,1,171831.00000000003
3,2,1,2,1,2,1,137464.80000000002
3,2,1,2,1,2,1,135382.0
3,2,1,2,1,2,1,114554.00000000001
2,2,0,0,2,0,0,47662.9
0,2,0,0,2,0,0,48378.59891200001
2,2,1,2,1,2,0,140589.0
3,2,1,2,1,2,0,186202.32
3,2,1,2,1,2,0,137568.94
0,2,0,1,2,2,1,20828.000000000004
3,2,1,0,0,0,1,145796.0
3,2,1,0,0,0,1,114554.00000000001
3,2,1,2,1,2,1,166624.00000000003
3,2,1,2,1,2,1,88519.00000000001
3,2,5,2,1,2,1,260350.00000000003
3,2,5,2,1,2,1,65608.20000000001
1,2,1,2,1,2,1,194950.08000000002
1,2,1,2,1,2,1,120906.54000000001
2,2,2,1,0,1,1,10414.000000000002
3,2,1,2,1,2,1,151003.00000000003
3,2,1,2,0,2,0,239519.91720000003
3,2,1,2,0,2,0,160943.16300000003
3,2,2,2,0,2,0,223901.00000000003
3,2,2,2,0,2,0,165582.6
0,2,2,2,1,2,1,52070.00000000001
3,2,4,2,1,2,0,190576.2
3,2,0,2,1,2,1,103879.65000000001
3,2,0,2,1,2,1,71231.76000000001
3,2,2,2,1,2,0,246707.66000000003
3,2,2,2,1,2,0,165790.88
3,2,4,2,1,2,1,253294.515
3,2,4,2,1,2,1,187217.68500000003
3,2,2,2,1,2,1,133299.2
3,2,2,2,1,2,1,199402.06500000003
3,2,2,2,1,2,1,147384.135
3,2,2,2,0,2,1,227025.2
3,2,2,2,0,2,1,151315.42
3,2,1,2,1,2,0,203489.56000000003
3,2,1,2,1,2,0,136735.82
0,2,5,1,1,2,0,109347.00000000001
3,2,2,2,1,2,1,215569.80000000002
3,2,2,2,1,2,1,159334.2
3,2,0,2,0,2,1,103098.6
3,2,1,1,1,1,1,208280.00000000003
3,2,1,1,1,1,1,140589.0
3,2,1,2,0,2,1,203801.98
3,2,1,2,0,2,1,135902.7
3,2,1,2,1,2,1,135382.0
3,2,1,2,1,2,1,87477.6
2,2,1,2,1,2,1,104140.00000000001
2,2,1,2,1,2,1,62484.00000000001
2,2,1,0,1,0,1,84678.088
2,2,1,0,1,0,1,71650.93400000001
3,2,1,2,0,2,1,147149.82
3,2,1,2,0,2,1,106326.94000000002
2,2,0,2,1,2,0,156210.00000000003
2,2,2,0,1,0,1,108127.6
0,2,2,1,2,1,1,24219.736
3,2,0,2,1,2,1,149961.6
3,2,0,2,1,2,1,117678.20000000001
0,2,2,1,1,1,1,33348.16
3,2,1,2,1,2,0,203489.56000000003
3,2,1,2,1,2,0,136735.82
3,2,1,2,1,2,0,203489.56000000003
3,2,1,2,1,2,0,136735.82
3,2,1,2,1,2,1,83312.00000000001
0,2,0,1,1,1,1,8516.9
2,0,1,1,1,2,2,62484.00000000001
3,2,1,1,2,1,2,66696.32
0,2,0,1,1,1,0,52070.00000000001
3,2,1,2,1,2,1,109347.00000000001
3,2,1,2,1,2,1,197866.00000000003
3,2,1,2,1,2,1,145796.0
3,2,2,2,1,2,0,187452.00000000003
3,2,2,2,1,2,0,171831.00000000003
3,2,2,2,0,2,0,112471.20000000001
0,2,1,0,2,0,1,22181.82
3,2,2,2,0,2,1,186827.16000000003
3,2,2,2,0,2,1,160375.6
3,2,2,2,0,2,1,201927.46000000002
3,2,2,2,0,2,1,134653.02000000002
1,2,4,2,0,2,1,231857.29600000003
1,2,4,2,0,2,1,189701.42400000003
2,2,1,2,0,2,1,156210.00000000003
2,2,1,2,0,2,1,104140.00000000001
3,2,1,2,1,2,1,127571.50000000001
3,2,1,2,1,2,1,104140.00000000001
1,2,1,2,1,2,1,309816.50000000006
1,2,1,2,1,2,1,270764.0
0,2,3,1,1,1,0,16636.365
3,2,1,1,1,2,1,200990.2
0,2,2,2,0,2,1,96850.20000000001
0,2,2,2,0,2,1,76022.20000000001
0,2,0,1,1,1,0,8251.342
3,2,2,2,1,2,1,142665.5516
3,2,2,2,1,2,1,105774.998
3,2,4,0,2,0,0,61137.588
2,2,0,2,1,2,1,141630.40000000002
2,2,0,2,1,2,1,116636.80000000002
3,2,2,2,1,2,1,179120.80000000002
3,2,1,2,0,2,1,223901.00000000003
3,2,1,2,0,2,1,170789.6
0,2,1,0,2,0,0,52248.61056000001
2,2,0,2,1,2,0,101536.50000000001
3,2,2,2,1,2,1,221609.92
3,2,2,2,1,2,1,148711.92
2,2,2,0,2,0,0,77811.668
0,2,2,2,2,0,1,52070.00000000001
0,2,0,0,1,1,0,6727.822
3,2,2,2,0,2,1,158084.52000000002
3,2,2,2,0,2,1,135631.93600000002
3,2,1,2,1,2,1,171831.00000000003
3,2,1,2,1,2,1,146056.35
3,2,2,2,1,2,1,186827.16000000003
3,2,2,2,1,2,1,160375.6
2,2,0,2,0,2,1,78105.00000000001
2,2,1,1,1,1,1,88928.07400000001
2,2,1,1,1,1,1,77811.668
2,2,1,0,1,0,1,104219.348
2,2,1,0,1,0,1,91192.194
2,2,1,1,1,1,1,88928.07400000001
2,2,1,1,1,1,1,77811.668
3,2,1,0,1,0,1,108617.45400000001
3,2,1,0,1,0,1,84683.378
3,2,1,0,1,0,1,110678.43800000001
3,2,1,0,1,0,1,87052.24
3,2,2,2,0,2,1,199402.06500000003
3,2,2,2,0,2,1,147384.135
3,2,0,2,0,2,0,119761.00000000001
0,2,2,1,2,1,1,33348.16
3,2,0,2,1,2,1,84353.40000000001
3,2,0,2,1,2,1,68732.40000000001
0,2,0,2,1,2,0,47904.4
0,2,1,2,1,2,0,83312.00000000001
1,2,2,2,1,2,2,208280.00000000003
1,2,2,2,1,2,2,187452.00000000003
1,2,2,2,1,2,2,208280.00000000003
3,2,2,2,0,2,1,212549.74000000002
3,2,2,2,0,2,1,141734.54
3,2,1,2,0,2,1,260350.00000000003
3,2,1,2,0,2,1,65608.20000000001
2,2,2,0,0,0,1,125064.06400000001
2,2,2,0,0,0,1,117247.56000000001
0,3,1,1,2,1,0,21955.006592
3,2,5,2,1,2,1,98933.00000000001
3,2,5,2,1,2,1,72898.0
2,2,2,1,1,2,1,78105.00000000001
2,0,1,1,2,1,1,7810.500000000001
2,2,0,2,0,2,0,117678.20000000001
3,2,2,2,1,2,1,177038.00000000003
2,2,5,2,1,2,0,117678.20000000001
2,2,0,2,1,2,1,145796.0
3,2,0,1,1,1,2,55454.55
2,2,0,0,1,0,1,56463.344000000005
3,2,4,1,2,1,2,31680.752
3,2,2,2,0,2,0,166624.00000000003
3,2,2,2,0,2,0,124239.02000000002
2,2,2,2,2,2,0,151003.00000000003
3,2,1,2,0,2,1,93726.00000000001
3,2,5,2,1,2,1,152252.68000000002
3,2,5,2,1,2,1,129414.778
2,2,2,2,0,2,1,234315.00000000003
2,2,2,2,0,2,1,166624.00000000003
2,2,2,0,1,0,2,57802.772000000004
3,2,1,0,1,0,1,193492.12000000002
3,2,1,0,1,0,1,143088.36000000002
3,2,1,2,0,2,1,255143.00000000003
3,2,1,2,0,2,1,187452.00000000003
3,2,1,2,0,2,1,211924.90000000002
3,2,1,2,0,2,1,158292.80000000002
3,2,1,2,0,2,1,260350.00000000003
3,2,1,2,0,2,1,65608.20000000001
3,2,1,2,1,2,1,193700.40000000002
3,2,1,2,1,2,1,154960.32
3,2,4,1,2,1,0,100918.388
2,2,1,0,2,0,0,135485.364
0,2,2,2,0,2,0,85394.8
0,3,2,1,1,0,1,114554.00000000001
2,2,2,2,2,2,1,180162.2
3,2,1,2,1,2,1,193700.40000000002
3,2,1,2,1,2,1,154960.32
0,2,0,1,1,1,0,6633.660000000001
2,2,4,2,1,2,1,164541.2
2,2,4,2,1,2,1,139547.6
1,2,1,2,1,2,1,208280.00000000003
1,2,1,2,1,2,1,156210.00000000003
3,2,0,2,0,2,1,225150.68000000002
3,2,0,2,0,2,1,150065.74000000002
2,2,2,0,0,0,1,122276.23400000001
2,2,2,0,0,0,1,94485.748
3,2,5,2,0,2,1,260350.00000000003
3,2,5,2,0,2,1,65608.20000000001
3,2,1,2,1,2,1,140589.0
3,2,1,2,1,2,1,88519.00000000001
3,2,4,2,1,2,1,214528.40000000002
3,2,4,2,1,2,1,182349.14
3,2,1,2,0,2,1,197501.51
3,2,1,2,0,2,1,171826.83440000002
3,2,1,2,1,2,1,160375.6
3,2,1,2,1,2,1,131216.40000000002
3,2,1,2,1,2,0,208280.00000000003
3,2,1,2,1,2,0,156210.00000000003
3,2,1,2,1,2,1,140589.0
2,2,1,0,0,0,1,104219.348
2,2,1,0,0,0,1,78165.04000000001
3,2,0,2,1,2,1,121843.80000000002
3,2,0,2,1,2,1,103567.23000000001
3,2,1,1,1,1,1,208280.00000000003
3,2,1,1,1,1,1,140589.0
3,2,1,2,0,2,1,201927.46000000002
3,2,1,2,0,2,1,134653.02000000002
0,2,1,0,1,0,2,58623.780000000006
3,2,0,0,0,0,1,91192.194
3,2,0,0,0,0,1,65136.828
3,2,0,2,1,2,1,182245.00000000003
3,2,0,2,1,2,1,135382.0
3,2,1,2,0,2,1,195887.34000000003
3,2,1,2,0,2,1,145650.20400000003
3,2,1,2,0,2,1,258996.18000000002
3,2,1,2,0,2,1,174017.94000000003
2,2,0,1,1,1,2,6054.934
2,2,0,0,1,0,2,53357.056000000004
3,2,2,2,0,2,1,213487.00000000003
3,2,1,2,0,2,1,147149.82
3,2,1,2,0,2,1,106326.94000000002
0,2,0,1,1,1,0,52070.00000000001
0,2,2,1,1,1,0,88928.07400000001
2,2,4,0,2,0,2,65136.828
3,2,1,2,0,2,1,260350.00000000003
3,2,1,2,0,2,1,65608.20000000001
3,2,4,2,1,2,0,197345.30000000002
3,2,4,2,1,2,0,145900.14
3,2,1,2,1,2,0,184952.64
3,2,1,2,1,2,0,136735.82
2,2,1,2,0,2,1,24993.600000000002
3,2,1,2,1,2,0,211300.06000000003
3,2,1,2,1,2,1,119761.00000000001
0,2,1,2,2,2,0,119761.00000000001
2,2,1,2,0,2,1,201927.46000000002
2,2,1,2,0,2,1,134653.02000000002
3,2,2,2,1,2,0,145796.0
2,2,0,2,0,2,1,225150.68000000002
2,2,0,2,0,2,1,150065.74000000002
3,2,2,2,0,2,1,224942.40000000002
3,2,2,2,0,2,1,149961.6
0,2,0,2,1,2,0,156210.00000000003
0,2,1,1,1,1,1,14010.086784000001
2,2,2,1,1,1,0,56514.128000000004
0,2,2,1,2,1,1,52070.00000000001
3,2,1,2,2,2,0,277272.75
1,2,2,0,0,0,0,88928.07400000001
2,2,2,0,1,0,1,139393.616
3,2,1,1,1,2,2,49987.200000000004
1,2,4,2,0,2,1,271284.7
1,2,4,2,0,2,1,182349.14
0,2,0,2,1,2,2,57277.00000000001
2,2,0,2,1,2,1,135382.0
3,2,2,0,1,0,0,81591.902
0,2,2,1,2,1,2,55024.464
2,1,2,1,1,1,2,32293.334000000003
3,2,1,2,0,2,1,215256.33860000002
3,2,1,2,0,2,1,103202.74
2,2,1,2,0,2,1,208280.00000000003
2,2,1,2,0,2,1,56235.600000000006
0,2,1,2,2,2,0,135382.0
3,2,1,2,0,2,0,104140.00000000001
3,2,1,2,0,2,0,83312.00000000001
3,2,2,2,0,2,0,104140.00000000001
3,2,5,2,1,2,0,230461.82000000004
3,2,5,2,1,2,0,154856.18000000002
0,2,1,0,1,0,0,31242.000000000004
0,2,0,0,2,0,1,30013.344
2,2,1,0,0,0,1,96402.84400000001
2,2,1,0,0,0,1,65136.828
2,2,2,0,1,0,2,64472.404
3,2,4,2,0,2,1,259579.36400000003
3,2,4,2,0,2,1,193075.56000000003
2,2,2,0,2,0,1,84678.088
3,2,0,2,1,2,1,134210.42500000002
3,2,0,2,1,2,1,97579.18000000001
3,2,1,2,1,2,1,104140.00000000001
3,2,0,2,1,2,1,141901.16400000002
3,2,0,2,1,2,1,113804.19200000001
3,2,2,2,1,2,0,166624.00000000003
3,2,2,2,1,2,0,95808.8
2,2,1,0,0,0,1,143301.86800000002
2,2,1,0,0,0,1,110733.45400000001
0,2,1,2,1,2,0,134340.6
0,2,1,2,1,2,0,89560.40000000001
0,2,1,1,1,1,0,16075.460891520002
3,2,0,2,1,2,0,104140.00000000001
2,2,2,1,2,1,1,26035.000000000004
2,2,0,0,2,0,1,69041.906
2,2,2,2,1,2,1,208280.00000000003
0,2,3,2,1,2,0,187452.00000000003
2,2,2,2,1,2,0,159334.2
3,2,0,2,1,2,1,156288.105
3,2,0,2,1,2,1,115517.29500000001
2,2,2,1,1,1,1,23743.920000000002
0,2,0,1,1,1,1,27174.474725760003
0,2,0,1,0,1,0,15621.000000000002
3,2,4,0,1,0,0,141524.428
0,2,1,2,0,2,0,86436.20000000001
3,2,2,2,0,2,1,193700.40000000002
3,2,2,2,0,2,1,154960.32
3,2,0,2,0,2,1,117574.06000000001
3,2,0,2,0,2,1,94059.248
3,2,1,2,0,2,1,249936.00000000003
3,2,1,2,0,2,1,166624.00000000003
3,2,4,2,1,2,1,312420.00000000006
3,2,4,2,1,2,1,208280.00000000003
2,2,1,0,2,0,2,69474.628
2,2,2,1,1,2,0,208280.00000000003
2,2,1,0,0,0,1,123760.60800000001
2,2,1,0,0,0,1,97706.3
2,2,2,2,0,2,1,124968.00000000001
3,2,0,2,1,2,1,117574.06000000001
3,2,0,2,1,2,1,94059.248
3,2,4,2,1,2,1,151003.00000000003
3,2,4,2,1,2,1,109763.56000000001
0,2,2,0,0,0,2,58697.53258752001
3,2,2,2,1,2,0,224213.42
3,2,2,2,1,2,0,164749.48
3,2,1,2,1,2,0,217756.74000000002
3,2,1,2,1,2,0,161000.44
3,2,0,2,0,2,1,120733.66760000002
3,2,0,2,0,2,1,85046.97240000001
3,2,1,2,1,2,1,161417.00000000003
2,2,1,0,1,0,1,88928.07400000001
3,2,0,2,0,2,1,170789.6
3,2,0,2,0,2,1,137464.80000000002
3,2,2,2,1,2,1,128092.20000000001
2,2,5,1,0,1,1,55579.914000000004
1,2,4,0,1,0,2,121904.876
3,2,1,2,1,2,1,172247.56000000003
3,2,1,2,1,2,1,137798.048
3,2,1,2,1,2,1,217418.28500000003
3,2,1,2,1,2,1,153918.92
3,2,1,2,1,2,1,142665.5516
3,2,1,2,1,2,1,105774.998
1,2,4,1,2,1,0,80734.922
0,2,1,0,1,0,0,37128.394
3,2,1,2,1,2,0,191201.04
3,2,1,2,1,2,0,104973.12000000001
2,2,0,0,1,0,1,52109.674
2,2,0,0,1,0,1,39082.520000000004
2,2,0,1,1,1,1,44463.508
2,2,0,1,1,1,1,33348.16
2,2,0,1,1,1,1,44463.508
2,2,0,1,1,1,1,33348.16
3,2,2,2,0,2,0,224213.42
3,2,2,2,0,2,0,146212.56000000003
2,2,1,1,1,1,1,66696.32
2,2,1,1,1,1,1,50022.240000000005
3,2,2,2,1,2,1,270764.0
2,2,2,0,0,0,1,45595.568
2,2,1,1,1,1,1,66696.32
2,2,1,1,1,1,1,50022.240000000005
2,2,1,0,1,0,1,58623.780000000006
2,2,1,1,2,1,0,58779.974656000006
3,2,1,1,1,1,0,62484.00000000001
2,2,1,2,0,2,1,86332.06000000001
2,2,1,2,0,2,1,66545.46
2,2,2,2,1,2,0,166624.00000000003
2,2,2,2,1,2,0,116949.22000000002
2,2,4,2,1,2,1,250977.40000000002
2,2,4,2,1,2,1,165582.6
3,2,2,2,0,2,1,83312.00000000001
2,2,0,2,0,2,2,60401.200000000004
3,2,1,2,0,2,1,141630.40000000002
3,2,1,2,0,2,1,113304.32
1,2,1,2,1,2,1,252018.80000000002
1,2,1,2,1,2,1,208280.00000000003
2,2,2,0,0,0,1,65136.828
2,2,2,0,0,0,1,39082.520000000004
2,2,1,0,0,0,1,52109.674
3,2,2,2,1,2,1,172060.108
3,2,2,2,1,2,1,125134.62400000001
3,2,0,2,1,2,1,129331.46600000001
3,2,1,2,0,2,1,189472.31600000002
3,2,1,2,0,2,1,137798.048
3,2,1,2,0,2,1,229222.55400000003
3,2,1,2,0,2,1,166707.312
3,2,2,2,0,2,0,187452.00000000003
3,2,2,2,0,2,0,124968.00000000001
2,2,0,2,0,2,1,131737.1
2,2,0,2,0,2,1,110659.164
3,2,0,2,0,2,1,120802.40000000001
3,2,0,2,1,2,1,161417.00000000003
3,2,0,2,1,2,1,125592.84000000001
2,2,2,2,0,2,1,135382.0
2,2,2,2,0,2,1,93726.00000000001
2,2,1,2,1,2,1,177038.00000000003
3,2,0,2,1,2,1,106326.94000000002
3,2,0,2,1,2,1,88414.86000000002
3,2,2,2,1,2,1,142276.06800000003
3,2,2,2,1,2,1,103473.50400000002
3,2,2,0,0,0,1,117247.56000000001
3,2,2,0,0,0,1,104219.348
3,2,2,2,1,2,1,152044.40000000002
0,2,1,0,1,0,1,45595.568
1,2,0,2,1,2,1,135382.0
1,2,0,2,1,2,1,114554.00000000001
3,2,0,2,1,2,1,177038.00000000003
3,2,4,2,1,2,1,168021.55880000003
3,2,4,2,1,2,1,142818.6374
3,2,2,2,1,2,1,173913.80000000002
3,2,1,0,0,0,1,78165.04000000001
3,2,1,0,0,0,1,65136.828
3,2,2,2,1,2,1,220256.10000000003
3,2,2,2,1,2,1,144338.04
3,2,1,0,1,0,1,200365.36000000002
3,2,1,0,1,0,1,94454.98000000001
3,2,0,0,1,0,1,135382.0
3,2,0,0,1,0,1,63837.82000000001
3,2,1,2,0,2,0,166624.00000000003
3,2,1,2,0,2,0,117678.20000000001
3,2,2,2,0,2,1,99505.77
2,2,0,2,1,2,1,173913.80000000002
2,2,0,2,1,2,1,120281.70000000001
3,2,1,2,1,2,1,253997.46000000002
3,2,1,2,1,2,1,163083.24000000002
3,2,0,2,1,2,1,142255.24000000002
3,2,1,2,1,2,1,134210.42500000002
3,2,1,2,1,2,1,97579.18000000001
1,2,4,2,1,2,1,233273.60000000003
1,2,4,2,1,2,1,174825.02500000002
1,2,1,2,1,2,1,182245.00000000003
1,2,1,2,1,2,1,140589.0
3,2,2,2,0,2,0,213799.42
3,2,2,2,1,2,1,183286.40000000002
3,2,1,2,1,2,1,208384.14
3,2,1,2,0,2,1,73418.70000000001
3,2,1,2,0,2,1,56235.600000000006
3,2,2,2,0,2,1,213799.42
3,2,2,2,0,2,1,146212.56000000003
3,2,1,2,0,2,1,213799.42
3,2,1,2,0,2,1,192346.58000000002
3,2,1,2,1,2,1,182349.14
3,2,1,2,1,2,1,146056.35
3,2,0,2,1,2,1,120958.61000000002
3,2,0,2,1,2,1,103150.67000000001
2,2,0,0,0,0,1,88519.00000000001
2,2,0,0,0,0,1,78105.00000000001
3,2,1,2,1,2,1,222859.60000000003
3,2,1,2,1,2,1,200573.64
3,2,1,2,1,2,1,277428.96
3,2,1,2,1,2,1,221943.16800000003
2,2,2,2,0,2,1,147149.82
2,2,2,2,0,2,1,106326.94000000002
2,2,1,2,0,2,1,215256.33860000002
2,2,1,2,0,2,1,103202.74
3,2,1,2,1,2,1,115074.70000000001
2,2,0,0,0,0,1,65136.828
2,2,0,0,0,0,1,45595.568
3,2,0,2,1,2,1,83312.00000000001
3,2,0,2,1,2,1,62484.00000000001
3,2,2,2,1,2,1,239522.00000000003
3,2,4,2,1,2,1,156480.76400000002
3,2,4,2,1,2,1,113804.19200000001
2,2,2,2,1,2,1,166624.00000000003
0,2,0,0,0,0,1,69773.8
0,2,0,0,0,0,1,54152.8
3,2,0,2,0,2,1,134340.6
3,2,0,2,1,2,1,71856.6
3,2,1,2,1,2,1,26035.000000000004
3,2,0,2,1,2,1,131737.1
3,2,0,2,1,2,1,110659.164
3,2,1,2,1,2,1,229222.55400000003
3,2,1,2,1,2,1,166707.312
3,2,0,2,1,2,1,109347.00000000001
2,2,0,2,1,2,1,140589.0
2,2,0,2,1,2,1,52070.00000000001
3,2,2,2,1,2,1,229108.00000000003
2,2,2,0,0,0,1,182384.388
2,2,2,0,0,0,1,91192.194
3,2,1,2,1,2,1,229108.00000000003
3,2,1,2,1,2,1,124968.00000000001
2,2,2,2,1,2,1,208280.00000000003
3,2,1,1,1,1,2,124968.00000000001
3,2,1,1,1,1,2,67691.0
1,2,1,2,1,2,1,224942.40000000002
3,2,2,2,1,2,1,192763.14
3,2,2,2,1,2,1,109232.44600000001
2,2,3,0,1,0,1,81269.212
3,2,4,0,2,0,0,139516.84371456
1,2,4,0,2,0,0,203175.146
2,2,1,2,1,2,2,124968.00000000001
2,2,0,1,1,1,1,18837.690000000002
2,2,2,1,1,1,0,32293.334000000003
2,2,1,1,2,1,0,58914.73
2,3,1,0,2,0,0,55579.914000000004
0,2,2,1,1,1,1,18837.690000000002
2,2,2,1,1,2,0,78105.00000000001
2,2,2,2,1,2,0,163499.80000000002
2,2,0,0,2,0,0,73142.714
0,2,1,2,1,2,2,67691.0
3,2,1,0,1,0,2,72253.994
2,2,2,2,2,2,0,120890.91900000001
2,2,2,0,1,0,1,71517.626
0,2,1,1,1,1,1,10414.000000000002
2,2,0,1,1,1,2,20828.000000000004
3,2,4,1,1,1,0,118378.38425600002
3,2,4,1,1,2,1,208280.00000000003
0,2,2,0,1,0,0,54043.698000000004
2,2,1,0,1,0,0,88728.11200000001
0,2,2,0,1,1,0,41656.00000000001
2,2,4,1,1,1,2,33348.16
3,2,1,0,1,0,0,63361.504
0,2,1,1,1,0,0,65219.21589888001
3,2,2,0,2,0,0,94485.748
0,2,2,0,2,0,1,87994.918
3,2,2,2,1,2,1,171831.00000000003
2,2,2,2,2,2,1,159334.2
3,2,2,1,1,2,1,104140.00000000001
3,2,3,0,1,0,1,81269.212
2,2,2,1,1,1,0,35558.322
2,2,4,0,1,0,2,78105.00000000001
2,2,0,1,0,1,2,23224.36554
0,0,2,1,1,1,1,32236.202
2,2,2,1,2,1,0,77635.260909
0,2,1,1,1,0,1,58692.55
2,2,2,1,0,1,0,65584.36200000001
3,2,4,2,1,2,1,158813.50000000003
0,2,2,2,1,2,0,124968.00000000001
2,2,2,2,1,2,0,140589.0
3,2,1,2,0,2,0,166363.65
3,2,4,2,0,2,0,266181.84
2,2,0,2,1,2,0,149727.285
0,2,2,2,1,2,1,88727.28
2,2,2,1,0,1,0,127385.316
3,2,2,2,1,2,0,184327.80000000002
2,2,1,0,1,0,1,68919.178
2,2,2,1,1,2,2,49987.200000000004
0,2,1,1,0,1,1,20828.000000000004
3,2,4,2,0,2,0,244000.02000000002
2,2,1,0,2,0,2,89054.009856
2,2,1,0,2,0,2,73337.986944
0,2,1,0,1,0,2,156210.00000000003
2,2,0,2,1,2,1,99818.19
2,1,2,0,1,2,1,104140.00000000001
0,2,2,2,0,2,2,110909.1
0,3,2,1,2,1,1,104140.00000000001
3,2,2,2,2,2,0,149961.6
3,2,4,0,1,0,1,164517.942
3,2,1,1,1,1,1,26618.184
2,2,2,1,1,2,1,42589.0944
0,2,0,2,2,2,0,104140.00000000001
2,2,2,2,1,2,2,91500.0075
0,2,2,0,2,0,1,57147.70918400001
3,2,4,1,2,1,0,46700.289280000005
0,2,1,2,1,2,1,124968.00000000001
3,2,4,0,0,0,1,88928.07400000001
0,2,1,1,1,1,2,22181.82
0,2,1,2,0,2,1,130175.00000000001
2,2,2,1,0,1,2,10896.350464000001
3,2,2,2,2,2,2,133090.92
0,3,0,1,2,1,1,11918.530816
0,2,2,0,0,0,0,126664.03084800001
0,2,1,1,1,1,0,22231.754
0,2,0,2,1,2,1,55454.55
3,2,4,2,1,2,1,221818.2
2,2,1,1,2,1,1,66545.46
2,2,1,2,1,2,0,221818.2
0,2,3,1,2,1,2,110909.1
2,2,1,2,1,2,0,110909.1
3,2,1,1,2,1,1,95246.949376
2,2,1,0,1,0,2,70653.15772992
2,2,2,0,2,0,1,72115.514496
2,2,1,0,1,0,0,94998.31091200002
2,2,1,2,1,2,0,188545.47
2,2,1,2,1,2,0,166363.65
0,2,0,2,2,2,2,61000.005000000005
1,2,4,2,0,2,0,277272.75
0,2,1,2,1,2,0,88727.28
0,2,1,2,1,2,0,81285.27939
1,2,4,0,2,0,1,149673.448704
0,2,5,0,2,0,0,73476.119424
3,2,2,1,1,2,0,81524.61556992
1,2,4,1,0,1,1,94272.735
1,2,4,1,2,1,0,255090.93000000002
0,2,1,2,1,2,2,138636.375
3,2,4,2,1,2,1,133090.92
2,2,0,0,2,0,0,55708.328453760005
2,2,1,1,2,1,0,88317.9364032
3,2,1,0,2,0,0,146444.601984
3,2,4,2,1,2,0,159709.10400000002
0,2,2,1,1,1,0,14861.8194
2,2,2,0,1,0,0,87223.75449600001
2,2,2,2,1,2,1,166363.65
2,2,5,2,1,2,0,119605.48253099999
3,2,1,2,1,2,0,169690.923
2,2,1,2,1,2,0,99818.19
0,2,0,2,1,2,2,99818.19
0,2,0,2,1,2,2,66545.46
2,2,2,1,1,1,0,55454.55
0,3,2,1,1,2,1,13309.092
2,3,2,1,2,1,1,6226.321536
2,0,1,2,1,2,0,299454.57
2,2,2,0,2,0,0,62433.57875200001
2,2,1,1,1,1,2,54426.499328000005
1,2,4,1,1,1,0,176886.698368
2,2,1,1,1,1,0,32778.837504
2,2,1,2,1,2,0,122000.01000000001
0,2,2,0,2,0,0,94998.31091200002
0,2,1,2,2,2,0,290304.56925
0,2,0,0,2,0,1,68032.54860800001
3,2,0,1,1,2,2,88727.28
0,2,0,1,1,1,2,11612.18277
0,2,1,2,1,2,2,160248.12222599998
2,2,1,2,1,2,0,155272.74000000002
3,2,1,0,1,0,0,91163.98348800001
3,2,4,2,1,2,0,188545.47
0,2,0,2,1,2,1,88727.28
2,2,2,1,1,2,2,53137.34835551999
2,2,0,2,1,2,1,110909.1
3,2,2,0,2,0,0,61229.52396800001
1,2,4,2,1,2,0,260636.385
1,2,0,1,1,2,0,166363.65
1,2,1,1,2,1,0,95112.44862912002
0,2,2,2,1,2,0,249545.475
0,2,5,0,1,0,2,88442.77363200001
2,2,1,1,0,1,1,59784.08267520001
3,2,0,1,1,1,0,102049.97401600001
3,2,4,0,1,0,2,118747.88864000002
3,2,1,0,1,0,1,130622.67750400002
3,2,1,0,2,0,0,108852.99865600001
0,2,1,1,1,1,0,35025.79251200001
3,2,1,2,1,2,1,166363.65
3,2,1,2,1,2,2,127545.46500000001
2,2,2,0,1,0,0,215765.23596800002
2,2,0,0,2,0,0,59303.726976000005
2,2,1,2,1,2,0,123089.137362
2,2,1,0,2,0,0,134474.87006208
2,2,0,1,2,2,0,41737.879936000005
3,2,1,2,1,2,0,166363.65
0,3,1,0,1,0,2,19021.77489024
2,2,1,0,1,2,2,110213.60358400001
0,2,1,2,1,2,1,77636.37000000001
2,2,2,0,1,0,2,91687.19478912001
2,2,1,0,2,0,0,102786.68057600001
0,2,2,1,2,1,0,34246.495104
3,2,4,2,0,2,0,306109.11600000004
3,2,1,2,1,2,0,218309.036076
3,2,1,1,1,2,2,177454.56
2,2,2,2,1,2,0,121927.91908499999
3,2,1,2,1,2,0,192981.834
2,2,0,2,1,2,0,103145.463
0,2,2,1,1,1,1,32690.202496000005
3,2,2,1,2,1,0,69937.62572800001
0,2,2,2,1,2,2,99818.19
2,2,1,0,2,0,0,83563.08837696
0,2,0,1,0,1,2,7234.13611008
3,2,1,1,0,1,2,39924.75875904001
3,2,4,2,1,2,1,188545.47
3,2,1,0,2,0,0,110830.59532800001
2,2,1,1,0,1,1,13931.811712000002
0,2,2,0,2,0,0,42179.903872
2,2,1,0,2,0,0,83123.52204800001
0,2,0,2,1,2,0,105670.86320699999
3,2,1,0,2,0,1,114768.522112
3,2,2,2,1,2,0,183000.015
2,2,0,2,1,2,0,88727.28
3,2,2,0,1,0,0,119359.12486400001
0,2,1,1,2,1,1,24906.437248000002
0,2,2,0,2,0,0,48771.167634
2,2,4,1,0,1,0,133540.101855
2,2,2,0,1,0,1,73451.94624
3,2,2,0,0,0,2,301916.75201999996
2,2,4,2,0,2,2,122000.01000000001
2,2,1,2,1,2,0,199636.38
3,2,0,2,1,2,0,221818.2
3,2,1,0,2,0,1,129890.39118336001
3,2,1,2,1,2,0,221818.2
3,2,1,2,1,2,2,283927.29600000003
2,2,1,2,1,2,0,122000.01000000001
2,2,2,0,0,0,0,95112.44862912002
0,2,1,2,1,2,0,80409.0975
3,2,1,2,2,2,0,205181.83500000002
2,3,1,0,1,0,0,80279.14406400001
2,2,1,2,1,2,0,124218.19200000001
3,2,1,2,2,2,0,174182.74154999998
3,2,2,1,2,1,0,23218.918784
3,2,2,1,1,1,0,61000.005000000005
0,2,2,2,2,2,0,64327.278000000006
0,2,2,2,1,2,1,110909.1
3,2,2,0,2,0,1,89422.36313600001
0,2,1,0,1,0,2,94272.735
0,2,5,0,0,0,0,88442.77363200001
3,0,2,2,1,2,1,116454.55500000001
0,2,0,2,1,2,0,83607.715944
0,2,1,0,2,0,1,74836.724352
2,2,1,1,1,1,1,32249.329664000004
2,2,1,2,0,2,1,123968.646525
2,2,1,2,0,2,1,103311.82665
3,2,4,1,2,2,2,177454.56
2,2,2,1,1,0,2,29389.987328000003
3,2,1,1,0,1,0,76277.90656
2,2,2,1,1,1,2,19458.262016
3,2,0,0,2,0,0,73476.119424
3,2,4,2,1,2,2,220631.47262999997
1,2,4,0,0,0,0,163279.49798400002
0,2,1,1,1,1,0,18680.115712000003
3,2,0,0,1,0,1,82633.151744
2,2,2,1,2,1,0,42574.415990400004
3,2,2,2,0,2,0,149727.285
0,2,1,0,2,0,1,28573.854592000003
3,2,4,1,2,2,0,62267.819776000004
3,2,1,1,1,1,0,28020.173568000002
0,2,0,1,1,1,2,10283.491752
2,2,2,2,2,2,0,163036.377
3,2,2,0,2,0,0,110636.05875200001
3,2,4,2,1,2,0,192981.834
2,2,0,2,1,2,0,156764.46739499999
0,2,1,1,2,1,1,24226.983804
3,2,4,1,2,1,2,145152.284625
0,2,2,0,0,0,2,61143.461677440006
2,2,2,1,0,1,0,48228.765459840004
1,2,5,0,1,1,2,80279.14406400001
3,2,1,1,1,0,1,55454.55
0,2,2,0,0,0,1,47555.62861824001
2,2,4,2,1,2,0,101025.99009899999
2,2,2,0,2,0,0,104444.27033600002
2,2,1,1,0,1,0,26027.612544000003
2,2,2,1,1,2,2,6537.119616000001
0,2,1,2,2,2,2,89836.371
2,2,2,1,1,1,0,46087.90195200001
0,2,5,2,1,2,2,99818.19
2,2,2,0,2,1,1,70754.909568
3,2,1,2,1,2,1,216272.745
2,2,2,1,1,1,0,43540.5088
2,2,0,2,1,2,0,98703.55354499999
3,2,2,2,1,0,0,249545.475
2,2,2,0,2,0,0,64756.50662400001
2,2,2,1,0,1,1,38916.524032
2,2,2,0,2,0,0,134580.17305600003
2,2,1,1,1,1,0,53637.993088
2,2,0,1,2,1,0,9289.746216
0,2,1,0,1,0,2,49667.96776896001
3,2,1,1,1,0,2,135874.75641408
2,2,1,1,1,1,1,102049.97401600001
0,2,5,1,2,1,1,6799.277796480001
2,2,4,1,1,2,1,65028.223512
0,3,1,1,2,1,2,32931.934336000006
2,2,2,0,2,0,0,102049.97401600001
2,2,0,1,1,1,0,7234.13611008
3,2,1,1,2,1,0,57066.51606336
2,2,0,2,0,2,1,113799.391146
2,2,1,1,2,0,2,75998.188288
2,2,2,0,2,0,2,65311.33875200001
2,2,1,1,2,1,0,28573.854592000003
3,2,4,2,0,2,0,133090.92
3,2,1,2,1,2,0,221818.2
0,2,2,1,2,1,2,54680.15660544
2,2,2,2,1,2,0,177454.56
3,2,2,0,1,2,2,55454.55
2,2,1,1,1,1,1,46261.718656000005
2,2,2,1,0,1,2,14850.392704000002
3,2,1,2,0,2,1,183000.015
2,2,2,0,2,0,2,50273.195230080004
3,2,4,2,1,2,0,205181.83500000002
0,2,2,0,2,0,2,74731.29473664
0,3,2,1,2,1,2,25816.28711616
2,2,1,2,1,2,0,127734.01047
3,2,4,2,1,2,0,155272.74000000002
3,2,2,2,2,2,0,139346.19324
3,2,2,0,1,0,2,100995.56275200001
3,2,0,0,2,0,0,71248.73318400001
2,1,2,1,2,1,1,13309.092
3,2,1,1,2,0,2,88442.77363200001
2,2,1,0,2,0,2,82072.734
3,2,4,2,1,0,0,168581.832
2,2,1,1,0,1,2,19963.638000000003
3,1,1,1,1,2,2,69673.09662
2,2,2,2,2,2,0,144181.83000000002
3,2,1,1,0,1,1,21763.923328
0,2,0,1,1,1,0,68032.54860800001
3,2,4,0,1,0,1,200018.13324800003
3,2,4,0,1,0,1,176637.06419904
2,2,2,1,1,1,1,46197.44100864
2,2,2,1,1,1,1,53882.027136000004
0,2,2,1,1,1,2,20780.880512000003
3,2,2,1,0,1,2,108699.09029568001
2,2,2,0,2,1,2,74731.29473664
2,2,2,2,2,2,0,127545.46500000001
3,2,4,2,1,2,0,260636.385
2,2,4,1,1,1,0,22571.998336000004
0,3,2,1,1,2,2,13309.092
2,2,0,2,0,2,0,83181.825
2,2,0,2,0,2,0,68763.642
2,2,2,2,0,2,0,80963.643
2,2,1,0,1,0,0,52249.761664000005
3,2,4,2,1,2,1,220863.71628539998
2,2,2,2,1,2,1,137023.75668599998
2,2,2,2,1,2,1,160654.54862294998
2,2,1,1,1,2,1,151887.35063159998
3,2,1,1,1,1,2,54348.949451520006
3,2,4,0,0,0,2,186327.288
2,2,2,0,1,1,1,137049.291136
2,2,1,1,2,1,0,32655.669376000005
3,2,5,2,1,2,0,183000.015
2,2,4,2,1,2,0,167472.741
0,2,2,2,1,2,2,121927.91908499999
0,0,0,2,1,2,0,116121.8277
3,2,4,1,2,1,0,108969.26016
